circuit_id,circuit_seed,backend,candidate_seed,original_qubits,original_depth,transpiled_depth,one_qubit_gates,two_qubit_gates,esp,active_physical_qubits,avg_readout_error,max_readout_error,sum_readout_error,weighted_readout_total,weighted_readout_2q,top1_readout_risk,top2_readout_risk,activity_readout_corr,avg_sx_error,weighted_sx_total,avg_cz_error,max_cz_error,edge_exposure,max_edge_error,t2_exposure,avg_t1,min_t1,avg_t2,min_t2,physical_qubits,actual_fidelity,logical_0_physical,logical_0_readout,logical_0_activity_2q,logical_0_activity_total,logical_1_physical,logical_1_readout,logical_1_activity_2q,logical_1_activity_total,logical_2_physical,logical_2_readout,logical_2_activity_2q,logical_2_activity_total,logical_3_physical,logical_3_readout,logical_3_activity_2q,logical_3_activity_total,logical_4_physical,logical_4_readout,logical_4_activity_2q,logical_4_activity_total,logical_5_physical,logical_5_readout,logical_5_activity_2q,logical_5_activity_total,logical_6_physical,logical_6_readout,logical_6_activity_2q,logical_6_activity_total
0,20000,Sherbrooke,11,7,16,139,267,54,0.0,7,0.09535435267857142,0.5,0.66748046875,7.28173828125,3.27685546875,2.5,2.8125,-0.13508443733904701,0.0003066357307096606,0.007921545004377166,0.3623145160225548,1.0,19.564983865217968,1.0,454882.26799552946,0.00029128842142056897,0.00019889469747965714,0.00024726320139063557,5.706640093315378e-05,"65,66,67,73,83,84,85",0.6379366906947583,85,0.078125,4,10,66,0.017333984375,7,13,73,0.0068359375,6,12,67,0.017822265625,5,11,65.0,0.02392578125,4.0,10.0,84.0,0.5,5.0,11.0,83.0,0.0234375,5.0,11.0
0,20000,Sherbrooke,22,7,16,137,284,54,0.36445203890302497,7,0.06183733258928571,0.203125,0.432861328125,5.155517578125,2.558349609375,1.421875,1.90771484375,0.7570077778294422,0.0013355999268157438,0.05186669433008964,0.007397392010631683,0.014919502282319308,0.3994591685741109,0.014919502282319308,558154.7175236061,0.00023446550895658358,7.321640665178645e-05,0.00022601966123374264,6.175184273025624e-05,"54,62,63,64,65,66,72",0.8503222434334231,63,0.036865234375,4,10,64,0.203125,7,13,54,0.0419921875,6,12,65,0.02392578125,5,11,66.0,0.017333984375,4.0,10.0,72.0,0.09716796875,5.0,11.0,62.0,0.012451171875,5.0,11.0
0,20000,Sherbrooke,33,7,16,114,273,54,0.5849749947203408,7,0.024832589285714284,0.0498046875,0.173828125,1.971923828125,0.928955078125,0.3486328125,0.5439453125,0.313863958127561,0.00019219746592567314,0.004979745492652628,0.006209997708518067,0.009819558723137167,0.33533987625997563,0.009819558723137167,856356.5811499183,0.00037608802142998887,0.00024905308533607187,0.00019633242246740404,2.5815955769117512e-05,"19,20,21,33,39,40,41",0.8930220502076296,41,0.00927734375,4,10,39,0.0498046875,7,13,40,0.006591796875,6,12,21,0.023193359375,5,11,19.0,0.037109375,4.0,10.0,20.0,0.0390625,5.0,11.0,33.0,0.0087890625,5.0,11.0
0,20000,Sherbrooke,44,7,16,125,253,54,0.5661550058941308,7,0.014787946428571428,0.03173828125,0.103515625,1.162353515625,0.541259765625,0.1845703125,0.3115234375,0.13936698634737307,0.00023839517418646424,0.006360069394304561,0.008007729758625593,0.01196664015782678,0.432417406965782,0.01196664015782678,269762.4092745016,0.00033787207622944135,0.00024905308533607187,0.0003174032961357344,0.00016575839177507913,"40,41,42,43,44,53,60",0.8950865044354751,42,0.03173828125,4,10,53,0.0263671875,7,13,41,0.00927734375,6,12,60,0.010498046875,5,11,40.0,0.006591796875,4.0,10.0,43.0,0.0087890625,5.0,11.0,44.0,0.01025390625,5.0,11.0
0,20000,Sherbrooke,55,7,16,135,257,51,0.6096735626489015,7,0.020926339285714284,0.03173828125,0.146484375,1.629150390625,0.750244140625,0.1845703125,0.33837890625,-0.04924422683981534,0.0013041293361350113,0.02858256846267973,0.005235609067053084,0.01080346065267418,0.26701606241970727,0.01080346065267418,232771.83817253384,0.0003082547868927199,0.00024905308533607187,0.00034657246872145473,0.00021816100948427524,"41,42,53,59,60,61,62",0.9198475263123178,42,0.03173828125,4,10,53,0.0263671875,7,13,41,0.00927734375,6,12,59,0.025390625,5,11,62.0,0.012451171875,4.0,10.0,61.0,0.03076171875,5.0,11.0,60.0,0.010498046875,5.0,11.0
0,20000,Sherbrooke,66,7,16,154,292,60,0.20659760377891326,7,0.04621233258928571,0.21728515625,0.323486328125,3.579833984375,1.638916015625,1.08642578125,1.27099609375,-0.05082273530187437,0.0020020308693701277,0.055812090469602754,0.017898731149190456,0.1168008787547794,1.0739238689514277,0.1168008787547794,4611620.00659609,0.00033618457182335424,0.00022879595524938841,0.0002315664444620363,2.636993370529277e-06,"57,58,59,60,61,62,71",0.7410177597466089,62,0.012451171875,4,10,60,0.010498046875,7,13,61,0.03076171875,6,12,59,0.025390625,5,11,71.0,0.017822265625,4.0,10.0,57.0,0.21728515625,5.0,11.0,58.0,0.00927734375,5.0,11.0
0,20000,Torino,11,7,16,106,195,63,0.5082119480036373,7,0.028738839285714284,0.081787109375,0.201171875,2.289794921875,1.082763671875,0.408935546875,0.732666015625,0.26288714591577744,0.00039341196937862444,0.009483376830604615,0.006631446167189026,0.017540421153037722,0.4177811085329086,0.017540421153037722,956000.1259058221,0.00020145962486880914,0.00015748105566558846,0.0001308712498799576,2.7784766241489783e-05,"80,81,82,83,84,92,93",0.8622622186015741,81,0.00537109375,4,10,83,0.018798828125,7,13,82,0.053955078125,6,12,84,0.081787109375,5,11,93.0,0.00927734375,4.0,10.0,80.0,0.02294921875,5.0,11.0,92.0,0.009033203125,5.0,11.0
0,20000,Torino,22,7,16,95,188,57,0.589706190987341,7,0.03498186383928571,0.086669921875,0.244873046875,2.661376953125,1.192138671875,0.3466796875,0.616455078125,-0.3774953225616612,0.0003758280934979028,0.009865691622569131,0.004107322270772628,0.006600765149689991,0.23411736943403982,0.006600765149689991,641490.2157754325,0.00017584105403141735,8.372342795432513e-05,0.00014101848154132257,6.047390494485817e-05,"61,62,63,64,73,82,83",0.9233959308745522,73,0.010009765625,4,10,62,0.011962890625,7,13,63,0.04052734375,6,12,61,0.02294921875,5,11,64.0,0.086669921875,4.0,10.0,83.0,0.018798828125,5.0,11.0,82.0,0.053955078125,5.0,11.0
0,20000,Torino,33,7,16,90,184,54,0.527734991399627,7,0.04059709821428571,0.086669921875,0.2841796875,3.13818359375,1.43310546875,0.433349609375,0.809326171875,-0.13994258403027243,0.0003394961748707112,0.009455212694887156,0.005686605419236331,0.011973449649978707,0.3070766926387619,0.011973449649978707,610492.6084130823,0.00019565804462651315,0.00010450129441664454,0.0001635286833866169,4.932106481026948e-05,"46,55,64,65,66,67,74",0.9031303112900424,65,0.014892578125,4,10,67,0.0361328125,7,13,66,0.005859375,6,12,74,0.0751953125,5,11,46.0,0.051025390625,4.0,10.0,64.0,0.086669921875,5.0,11.0,55.0,0.014404296875,5.0,11.0
0,20000,Torino,44,7,16,104,174,54,0.6318972729495966,7,0.030866350446428572,0.10400390625,0.216064453125,2.3984375,1.10205078125,0.52001953125,0.7646484375,-0.041896532715918554,0.0002784895501187119,0.007178953213906997,0.0038632772653850373,0.004863617703767142,0.20861697233079202,0.004863617703767142,581782.5163979656,0.0001877254955338194,5.9527434601436146e-05,0.00016159095262167068,6.870523592058317e-05,"29,36,47,48,49,50,56",0.8823515343437257,49,0.019775390625,4,10,36,0.007080078125,7,13,48,0.040771484375,6,12,29,0.011962890625,5,11,47.0,0.013427734375,4.0,10.0,50.0,0.10400390625,5.0,11.0,56.0,0.01904296875,5.0,11.0
0,20000,Torino,55,7,16,92,176,51,0.6003773499933104,7,0.033203125,0.086669921875,0.232421875,2.5908203125,1.1962890625,0.433349609375,0.703125,0.005263137067167974,0.00034954210213084344,0.008269426556979674,0.0046310859571803255,0.011802880976502228,0.23618538381619658,0.011802880976502228,536891.8226846216,0.00018537440667879356,0.00010450129441664454,0.00015254375191971998,0.00011301724235324616,"55,62,63,64,65,73,82",0.8997306870941237,62,0.011962890625,4,10,73,0.010009765625,7,13,63,0.04052734375,6,12,82,0.053955078125,5,11,55.0,0.014404296875,4.0,10.0,65.0,0.014892578125,5.0,11.0,64.0,0.086669921875,5.0,11.0
0,20000,Torino,66,7,16,109,186,57,0.0,7,0.11432756696428571,0.565185546875,0.80029296875,8.937255859375,4.135498046875,2.825927734375,3.277099609375,0.015281566328386429,0.003234753671853634,0.09592103681581611,0.6014445707036772,1.0,34.2823405301096,1.0,2362378.943448766,0.00014269693786715087,3.1636670345492487e-06,0.00011875399321057388,6.131348483914939e-06,"67,68,74,84,85,86,87",0.6274724039193095,87,0.00634765625,4,10,67,0.0361328125,7,13,74,0.0751953125,6,12,86,0.565185546875,5,11,68.0,0.007080078125,4.0,10.0,84.0,0.081787109375,5.0,11.0,85.0,0.028564453125,5.0,11.0
0,20000,Fez,11,7,16,110,190,57,0.4698576087983917,7,0.021693638392857144,0.076904296875,0.15185546875,1.615966796875,0.704833984375,0.3076171875,0.518798828125,-0.4253494253399833,0.0003237156115432836,0.00826628263256038,0.009762109359391,0.03325821922205768,0.5564402334852872,0.03325821922205768,2502317.2574691596,0.00013208695860240756,9.65851238507667e-05,7.435151164311533e-05,1.0407388450935476e-05,"56,63,64,65,66,67,77",0.8914206219290538,56,0.002685546875,4,10,64,0.0068359375,7,13,63,0.011474609375,6,12,77,0.008544921875,5,11,67.0,0.076904296875,4.0,10.0,66.0,0.003173828125,5.0,11.0,65.0,0.042236328125,5.0,11.0
0,20000,Fez,22,7,16,104,189,57,0.0,7,0.022705078125,0.076904296875,0.158935546875,1.7001953125,0.74658203125,0.3076171875,0.466552734375,-0.4394389059273867,0.0002716213498838671,0.006681128376735684,0.2318416290365857,1.0,13.214972855085398,1.0,1063881.1850907244,0.0001211811727298074,8.554491547909988e-05,7.627494858318803e-05,4.6580465044079096e-05,"67,68,69,70,78,89,90",0.6213887983884575,78,0.022705078125,4,10,69,0.022705078125,7,13,70,0.006103515625,6,12,68,0.010986328125,5,11,67.0,0.076904296875,4.0,10.0,90.0,0.002685546875,5.0,11.0,89.0,0.016845703125,5.0,11.0
0,20000,Fez,33,7,16,92,189,57,0.0,7,0.0146484375,0.022705078125,0.1025390625,1.173095703125,0.557861328125,0.158935546875,0.295166015625,0.6288568375501047,0.0002360782027233511,0.00586034377249414,0.14414561757399494,1.0,8.21630020171771,1.0,1114585.8392699095,0.00011099822588381762,2.71485117609998e-05,7.595940816166047e-05,4.6580465044079096e-05,"68,69,70,78,87,88,89",0.6594719015858725,89,0.016845703125,4,10,69,0.022705078125,7,13,78,0.022705078125,6,12,68,0.010986328125,5,11,70.0,0.006103515625,4.0,10.0,88.0,0.00439453125,5.0,11.0,87.0,0.018798828125,5.0,11.0
0,20000,Fez,44,7,16,91,181,54,0.0,7,0.021693638392857144,0.076904296875,0.15185546875,1.72314453125,0.81201171875,0.384521484375,0.54345703125,0.189689739414,0.00026595204644724526,0.0073427209778503455,0.17060128831647778,1.0,9.212469569089803,1.0,1589398.7313698293,0.00012618010130903363,8.554491547909988e-05,7.35418125533489e-05,1.6452646331419718e-05,"66,67,68,69,70,71,78",0.6332932248418072,70,0.006103515625,4,10,69,0.022705078125,7,13,78,0.022705078125,6,12,68,0.010986328125,5,11,71.0,0.00927734375,4.0,10.0,66.0,0.003173828125,5.0,11.0,67.0,0.076904296875,5.0,11.0
0,20000,Fez,55,7,16,87,174,54,0.6931525111001338,7,0.017299107142857144,0.0576171875,0.12109375,1.33349609375,0.60693359375,0.2880859375,0.40087890625,-0.12446432499818717,0.00031922172710268206,0.008087261030369153,0.003963444970093054,0.00492645681832371,0.21402602838502488,0.00492645681832371,2437744.9422673574,0.00012974728068169562,8.896898620456324e-05,6.430760442113474e-05,1.1018438267643966e-05,"46,47,48,49,50,51,57",0.9333293870553134,49,0.02783203125,4,10,47,0.01611328125,7,13,48,0.00390625,6,12,57,0.0048828125,5,11,46.0,0.0068359375,4.0,10.0,50.0,0.00390625,5.0,11.0,51.0,0.0576171875,5.0,11.0
0,20000,Fez,66,7,16,104,174,54,0.7408574733872736,7,0.009347098214285714,0.019287109375,0.0654296875,0.729736328125,0.337158203125,0.11572265625,0.199951171875,0.016256640234778123,0.00019451262000140366,0.0049506462208796405,0.003970165843640206,0.006132283609759981,0.21438895555657111,0.006132283609759981,1844951.0116376104,0.00013032482905579368,9.448648053452447e-05,7.061956006023328e-05,1.660307930913441e-05,"89,90,91,92,98,110,111",0.9359463176156276,98,0.005126953125,4,10,90,0.002685546875,7,13,91,0.019287109375,6,12,89,0.016845703125,5,11,92.0,0.009521484375,4.0,10.0,111.0,0.0048828125,5.0,11.0,110.0,0.007080078125,5.0,11.0
1,20001,Sherbrooke,11,7,10,29,66,10,0.0,7,0.07578822544642858,0.340576171875,0.530517578125,2.54296875,0.951416015625,0.68115234375,0.8017578125,-0.3139128201654322,0.0002744403565947678,0.003929441994073791,0.20552624555684532,1.0,2.055262455568453,1.0,406239.5916889991,0.0002502600084720061,0.00013252953230862786,0.00017190625250603465,1.7282471331162923e-05,"8,92,99,100,101,102,103",0.757841426620938,103,0.0087890625,5,8,102,0.060302734375,2,5,101,0.003662109375,2,5,100,0.013427734375,5,8,8.0,0.088134765625,0.0,3.0,92.0,0.340576171875,2.0,5.0,99.0,0.015625,2.0,5.0
1,20001,Sherbrooke,22,7,10,24,59,10,0.7605413879263131,7,0.027308872767857144,0.09716796875,0.191162109375,1.321044921875,0.74755859375,0.48583984375,0.6396484375,0.7325324786504738,0.0012612081953804716,0.017700177497812795,0.004935758159354686,0.008316168208496233,0.04935758159354686,0.008316168208496233,129487.61039420996,0.00029751757425283367,0.00022634879072995666,0.0003193468492846226,0.00015885044685374998,"59,60,61,62,72,81,94",0.9503624294232068,61,0.03076171875,5,8,59,0.025390625,2,5,62,0.012451171875,2,5,72,0.09716796875,5,8,94.0,0.00927734375,0.0,3.0,60.0,0.010498046875,2.0,5.0,81.0,0.005615234375,2.0,5.0
1,20001,Sherbrooke,33,7,10,30,64,10,0.7388073364197765,7,0.029052734375,0.054443359375,0.203369140625,1.14404296875,0.533935546875,0.213623046875,0.335693359375,0.062150766557681515,0.0003496304546235819,0.004662626778151986,0.008506167190747194,0.00878800548814962,0.08506167190747194,0.00878800548814962,458873.39092383016,0.0003491950203734154,0.0002337908986939142,0.00016981339890191928,2.1509071792367444e-05,"0,1,2,3,14,18,19",0.9335225295753898,1,0.0244140625,5,8,3,0.011962890625,2,5,0,0.01123046875,2,5,14,0.042724609375,5,8,19.0,0.037109375,0.0,3.0,2.0,0.021484375,2.0,5.0,18.0,0.054443359375,2.0,5.0
1,20001,Sherbrooke,44,7,10,25,60,10,0.7395214695441028,7,0.029052734375,0.054443359375,0.203369140625,1.14404296875,0.533935546875,0.213623046875,0.335693359375,0.062150766557681515,0.0003496304546235819,0.004662626778151986,0.008524829464558925,0.00878800548814962,0.08524829464558925,0.00878800548814962,458873.39092383016,0.0003491950203734154,0.0002337908986939142,0.00016981339890191928,2.1509071792367444e-05,"0,1,2,3,14,18,19",0.9326478396421604,1,0.0244140625,5,8,3,0.011962890625,2,5,0,0.01123046875,2,5,14,0.042724609375,5,8,19.0,0.037109375,0.0,3.0,2.0,0.021484375,2.0,5.0,18.0,0.054443359375,2.0,5.0
1,20001,Sherbrooke,55,7,10,25,60,10,0.7395214695441028,7,0.029052734375,0.054443359375,0.203369140625,1.14404296875,0.533935546875,0.213623046875,0.335693359375,0.062150766557681515,0.0003496304546235819,0.004662626778151986,0.008524829464558925,0.00878800548814962,0.08524829464558925,0.00878800548814962,458873.39092383016,0.0003491950203734154,0.0002337908986939142,0.00016981339890191928,2.1509071792367444e-05,"0,1,2,3,14,18,19",0.9326478396421604,1,0.0244140625,5,8,3,0.011962890625,2,5,0,0.01123046875,2,5,14,0.042724609375,5,8,19.0,0.037109375,0.0,3.0,2.0,0.021484375,2.0,5.0,18.0,0.054443359375,2.0,5.0
1,20001,Sherbrooke,66,7,10,25,60,10,0.7395214695441028,7,0.029052734375,0.054443359375,0.203369140625,1.14404296875,0.533935546875,0.213623046875,0.335693359375,0.062150766557681515,0.0003496304546235819,0.004662626778151986,0.008524829464558925,0.00878800548814962,0.08524829464558925,0.00878800548814962,458873.39092383016,0.0003491950203734154,0.0002337908986939142,0.00016981339890191928,2.1509071792367444e-05,"0,1,2,3,14,18,19",0.9326478396421604,1,0.0244140625,5,8,3,0.011962890625,2,5,0,0.01123046875,2,5,14,0.042724609375,5,8,19.0,0.037109375,0.0,3.0,2.0,0.021484375,2.0,5.0,18.0,0.054443359375,2.0,5.0
1,20001,Torino,11,7,10,21,49,10,0.7972360605075313,7,0.023228236607142856,0.04736328125,0.16259765625,0.9140625,0.42626953125,0.169677734375,0.264404296875,0.05563818535761825,0.0005149877242325658,0.006054469699539451,0.005218235751883754,0.009979975599583468,0.05218235751883754,0.009979975599583468,494576.8876707562,0.00017938475025616044,0.00010435852654009284,9.879701483242245e-05,3.136320201800166e-05,"8,99,100,101,102,103,104",0.9485859833585714,102,0.011962890625,5,8,104,0.025390625,2,5,101,0.04736328125,2,5,100,0.033935546875,5,8,8.0,0.018310546875,0.0,3.0,103.0,0.01611328125,2.0,5.0,99.0,0.009521484375,2.0,5.0
1,20001,Torino,22,7,10,21,49,10,0.0,7,0.07760184151785714,0.257080078125,0.543212890625,2.806396484375,1.1767578125,0.51416015625,0.84765625,-0.2106548892524063,0.000366170246041386,0.005355214186373737,0.2034404872199119,1.0,2.034404872199119,1.0,475227.09545882774,0.00019729260865573197,0.00014176878738743077,0.00015343428297726449,3.6492069022158956e-05,"0,1,2,3,15,19,20",0.7702927707851489,1,0.02294921875,5,8,3,0.01513671875,2,5,0,0.166748046875,2,5,15,0.017578125,5,8,20.0,0.015625,0.0,3.0,2.0,0.048095703125,2.0,5.0,19.0,0.257080078125,2.0,5.0
1,20001,Torino,33,7,10,28,53,10,0.0,7,0.07760184151785714,0.257080078125,0.543212890625,2.806396484375,1.1767578125,0.51416015625,0.84765625,-0.2106548892524063,0.000366170246041386,0.005355214186373737,0.20331397807201035,1.0,2.0331397807201035,1.0,475227.09545882774,0.00019729260865573197,0.00014176878738743077,0.00015343428297726449,3.6492069022158956e-05,"0,1,2,3,15,19,20",0.769836668711773,1,0.02294921875,5,8,3,0.01513671875,2,5,0,0.166748046875,2,5,15,0.017578125,5,8,20.0,0.015625,0.0,3.0,2.0,0.048095703125,2.0,5.0,19.0,0.257080078125,2.0,5.0
1,20001,Torino,44,7,10,21,49,10,0.0,7,0.07760184151785714,0.257080078125,0.543212890625,2.806396484375,1.1767578125,0.51416015625,0.84765625,-0.2106548892524063,0.000366170246041386,0.005355214186373737,0.2034404872199119,1.0,2.034404872199119,1.0,475227.09545882774,0.00019729260865573197,0.00014176878738743077,0.00015343428297726449,3.6492069022158956e-05,"0,1,2,3,15,19,20",0.7702927707851489,1,0.02294921875,5,8,3,0.01513671875,2,5,0,0.166748046875,2,5,15,0.017578125,5,8,20.0,0.015625,0.0,3.0,2.0,0.048095703125,2.0,5.0,19.0,0.257080078125,2.0,5.0
1,20001,Torino,55,7,10,21,49,10,0.7153332026340626,7,0.032435825892857144,0.081787109375,0.22705078125,1.183349609375,0.502197265625,0.16357421875,0.271484375,-0.2798897647278006,0.0007985795417482089,0.008818718789754404,0.008468781677255722,0.021406591707524403,0.08468781677255721,0.021406591707524403,1048401.5843816851,0.0001744961704792849,6.171807947517145e-05,0.00010049407866077332,8.334912884691768e-06,"32,79,80,81,82,83,84",0.9574589379408264,81,0.00537109375,5,8,79,0.031982421875,2,5,82,0.053955078125,2,5,83,0.018798828125,5,8,32.0,0.01220703125,0.0,3.0,80.0,0.02294921875,2.0,5.0,84.0,0.081787109375,2.0,5.0
1,20001,Torino,66,7,10,21,49,10,0.0,7,0.07760184151785714,0.257080078125,0.543212890625,2.806396484375,1.1767578125,0.51416015625,0.84765625,-0.2106548892524063,0.000366170246041386,0.005355214186373737,0.2034404872199119,1.0,2.034404872199119,1.0,475227.09545882774,0.00019729260865573197,0.00014176878738743077,0.00015343428297726449,3.6492069022158956e-05,"0,1,2,3,15,19,20",0.7702927707851489,1,0.02294921875,5,8,3,0.01513671875,2,5,0,0.166748046875,2,5,15,0.017578125,5,8,20.0,0.015625,0.0,3.0,2.0,0.048095703125,2.0,5.0,19.0,0.257080078125,2.0,5.0
1,20001,Fez,11,7,10,28,53,10,0.8739738697442249,7,0.009416852678571428,0.015869140625,0.06591796875,0.32275390625,0.125,0.03173828125,0.05615234375,-0.8162559772505393,0.00036226860404442153,0.004605277357232631,0.006103422510992074,0.0101566715843735,0.06103422510992074,0.0101566715843735,337247.35494119546,0.00019077358433928221,4.880620782230333e-05,0.00016369980573141733,4.2379597486132065e-05,"0,1,2,3,4,5,16",0.961830945826879,2,0.0048828125,5,8,0,0.011474609375,2,5,3,0.015869140625,2,5,4,0.00146484375,5,8,16.0,0.012939453125,0.0,3.0,1.0,0.01171875,2.0,5.0,5.0,0.007568359375,2.0,5.0
1,20001,Fez,22,7,10,28,53,10,0.0,7,0.023646763392857144,0.076904296875,0.16552734375,0.86474609375,0.3681640625,0.15380859375,0.23828125,-0.19331469403171592,0.0002620299326647186,0.0036015201493356823,0.20301341359479438,1.0,2.0301341359479435,1.0,877992.7523528379,0.00011867575395809913,9.448648053452447e-05,7.202552967682091e-05,1.6452646331419718e-05,"64,65,66,67,68,69,90",0.7802290341255491,66,0.003173828125,5,8,64,0.0068359375,2,5,67,0.076904296875,2,5,68,0.010986328125,5,8,90.0,0.002685546875,0.0,3.0,65.0,0.042236328125,2.0,5.0,69.0,0.022705078125,2.0,5.0
1,20001,Fez,33,7,10,28,53,10,0.8793781108383644,7,0.008544921875,0.015869140625,0.059814453125,0.304443359375,0.125,0.03173828125,0.05615234375,-0.5489245827584258,0.00030317710693249553,0.0037779963976656665,0.006103422510992074,0.0101566715843735,0.06103422510992074,0.0101566715843735,334265.55964503955,0.00019906038726812117,4.880620782230333e-05,0.00016580407507421646,4.2379597486132065e-05,"0,1,2,3,4,5,6",0.9698041280593492,2,0.0048828125,5,8,0,0.011474609375,2,5,3,0.015869140625,2,5,4,0.00146484375,5,8,6.0,0.0068359375,0.0,3.0,1.0,0.01171875,2.0,5.0,5.0,0.007568359375,2.0,5.0
1,20001,Fez,44,7,10,21,49,10,0.8861201708532344,7,0.009416852678571428,0.015869140625,0.06591796875,0.32275390625,0.125,0.03173828125,0.05615234375,-0.8162559772505393,0.00036226860404442153,0.004605277357232631,0.0048264406816947766,0.0101566715843735,0.04826440681694777,0.0101566715843735,337247.35494119546,0.00019077358433928221,4.880620782230333e-05,0.00016369980573141733,4.2379597486132065e-05,"0,1,2,3,4,5,16",0.9616506261691504,2,0.0048828125,5,8,0,0.011474609375,2,5,3,0.015869140625,2,5,4,0.00146484375,5,8,16.0,0.012939453125,0.0,3.0,1.0,0.01171875,2.0,5.0,5.0,0.007568359375,2.0,5.0
1,20001,Fez,55,7,10,28,53,10,0.8168762405883246,7,0.022042410714285716,0.076904296875,0.154296875,0.923095703125,0.460205078125,0.211181640625,0.364990234375,0.21062453854904878,0.000257831159971281,0.0036011476808848007,0.0037600314418808787,0.0045245712543414696,0.03760031441880879,0.0045245712543414696,1008696.1551157972,0.0001359408649133455,9.862370959798505e-05,5.9136928971711606e-05,1.6452646331419718e-05,"39,65,66,67,77,85,86",0.9693996598477064,65,0.042236328125,5,8,67,0.076904296875,2,5,77,0.008544921875,2,5,85,0.0126953125,5,8,39.0,0.006591796875,0.0,3.0,66.0,0.003173828125,2.0,5.0,86.0,0.004150390625,2.0,5.0
1,20001,Fez,66,7,10,21,49,10,0.8861201708532344,7,0.009416852678571428,0.015869140625,0.06591796875,0.32275390625,0.125,0.03173828125,0.05615234375,-0.8162559772505393,0.00036226860404442153,0.004605277357232631,0.0048264406816947766,0.0101566715843735,0.04826440681694777,0.0101566715843735,337247.35494119546,0.00019077358433928221,4.880620782230333e-05,0.00016369980573141733,4.2379597486132065e-05,"0,1,2,3,4,5,16",0.9616506261691504,2,0.0048828125,5,8,0,0.011474609375,2,5,3,0.015869140625,2,5,4,0.00146484375,5,8,16.0,0.012939453125,0.0,3.0,1.0,0.01171875,2.0,5.0,5.0,0.007568359375,2.0,5.0
2,20002,Sherbrooke,11,6,22,145,289,60,0.0,6,0.16031901041666666,0.5,0.9619140625,13.8173828125,7.083984375,4.0,6.384033203125,0.30608925811810855,0.00029219780512788174,0.009811429854197038,0.5035415632990793,1.0,30.21249379794477,1.0,574888.6499116682,0.00026958271592109707,0.00014966741484017624,0.00022028539462690526,5.706640093315378e-05,"73,83,84,85,86,92",0.6008143900266623,85,0.078125,5,12,83,0.0234375,7,14,73,0.0068359375,8,15,84,0.5,8,15,92.0,0.340576171875,7.0,14.0,86.0,0.012939453125,7.0,14.0,,,,
2,20002,Sherbrooke,22,6,22,152,257,51,0.4292669924972627,6,0.055948893229166664,0.203125,0.335693359375,4.89208984375,2.542236328125,1.625,1.9189453125,0.48130226632437195,0.0015153686894459973,0.061324092859477264,0.007463070888285564,0.014919502282319308,0.38061661530256374,0.014919502282319308,645947.4930901632,0.00023262735833198757,7.321640665178645e-05,0.0002015098904544657,6.175184273025624e-05,"54,62,63,64,65,66",0.8773856221762277,66,0.017333984375,5,12,54,0.0419921875,7,14,64,0.203125,8,15,65,0.02392578125,8,15,62.0,0.012451171875,7.0,14.0,63.0,0.036865234375,7.0,14.0,,,,
2,20002,Sherbrooke,33,6,22,156,284,60,0.34066247155429563,6,0.061808268229166664,0.203125,0.370849609375,4.8515625,2.255615234375,1.015625,1.3515625,-0.8942173784537684,0.0002511309693257656,0.0077296618805292065,0.010678363452130635,0.023940844660705507,0.6407018071278381,0.023940844660705507,625033.7040535813,0.0002715166503883299,7.321640665178645e-05,0.00022007107443268816,6.175184273025624e-05,"45,46,54,63,64,65",0.8465997284134849,64,0.203125,5,12,45,0.032470703125,7,14,65,0.02392578125,8,15,54,0.0419921875,8,15,46.0,0.032470703125,7.0,14.0,63.0,0.036865234375,7.0,14.0,,,,
2,20002,Sherbrooke,44,6,22,156,320,66,0.3657879292307444,6,0.056193033854166664,0.203125,0.337158203125,4.76904296875,2.408935546875,1.421875,1.716796875,0.1218783526381067,0.0015064333738710356,0.06119552116411134,0.007336053072969315,0.0094729906641004,0.48417950281597477,0.0094729906641004,644521.639189157,0.0002584535752215753,7.321640665178645e-05,0.0001948637688421126,6.175184273025624e-05,"44,45,54,62,63,64",0.8932703502419282,44,0.01025390625,5,12,54,0.0419921875,7,14,63,0.036865234375,8,15,45,0.032470703125,8,15,64.0,0.203125,7.0,14.0,62.0,0.012451171875,7.0,14.0,,,,
2,20002,Sherbrooke,55,6,22,147,250,51,0.5907946627492296,6,0.0252685546875,0.0498046875,0.151611328125,2.1181640625,1.056884765625,0.3984375,0.71630859375,-0.04088323030861656,0.000250273920093443,0.007943866236913233,0.0068331821516773765,0.01080346065267418,0.3484922897355462,0.01080346065267418,438768.1031969274,0.00036926301820648416,0.00024905308533607187,0.0002443519150176467,0.00010980986380099015,"33,38,39,40,41,42",0.9424481117722924,42,0.03173828125,5,12,40,0.006591796875,7,14,39,0.0498046875,8,15,41,0.00927734375,8,15,38.0,0.04541015625,7.0,14.0,33.0,0.0087890625,7.0,14.0,,,,
2,20002,Sherbrooke,66,6,22,163,278,54,0.0,6,0.10734049479166667,0.5,0.64404296875,8.112060546875,3.603759765625,2.5,3.125,-0.8512018588218396,0.0003076905962296413,0.009600387458006778,0.10681641062367903,1.0,5.768086173678672,1.0,333517.0155576346,0.0002901877010973237,0.00019889469747965714,0.0002789626681335492,0.0001700127424244177,"65,66,67,73,84,85",0.6762334320275296,84,0.5,5,12,73,0.0068359375,7,14,66,0.017333984375,8,15,85,0.078125,8,15,65.0,0.02392578125,7.0,14.0,67.0,0.017822265625,7.0,14.0,,,,
2,20002,Torino,11,6,22,119,191,54,0.36324203280079154,6,0.027750651041666668,0.081787109375,0.16650390625,2.405029296875,1.239501953125,0.654296875,0.854248046875,0.49470459180231036,0.0009510233724740964,0.03649126050031192,0.014070954075661423,0.0435159752869026,0.7598315200857164,0.0435159752869026,3105155.15332236,0.00015898028601873457,3.1636670345492487e-06,9.337243695828194e-05,6.131348483914939e-06,"83,84,85,93,102,103",0.8752226302827405,102,0.011962890625,5,12,93,0.00927734375,7,14,84,0.081787109375,8,15,103,0.01611328125,8,15,83.0,0.018798828125,7.0,14.0,85.0,0.028564453125,7.0,14.0,,,,
2,20002,Torino,22,6,22,115,201,63,0.6294045050367678,6,0.029988606770833332,0.0751953125,0.179931640625,2.41064453125,1.151123046875,0.3759765625,0.6650390625,-0.7643309950109046,0.00030361327181230215,0.010124451084105006,0.003767602154404139,0.004390124623288916,0.23735893572746075,0.004390124623288916,662530.9156734757,0.00022978316535850858,0.00013080147015001793,0.00016068792155941807,7.429745640454549e-05,"56,66,67,68,69,74",0.945102255253165,74,0.0751953125,5,12,69,0.03662109375,7,14,67,0.0361328125,8,15,66,0.005859375,8,15,56.0,0.01904296875,7.0,14.0,68.0,0.007080078125,7.0,14.0,,,,
2,20002,Torino,33,6,22,113,194,60,0.0,6,0.115966796875,0.565185546875,0.69580078125,9.751220703125,4.880615234375,3.956298828125,4.557861328125,0.008241973465808272,0.003129055936356028,0.07698473869075967,0.5183821956052054,1.0,31.102931736312318,1.0,678492.8031661208,0.00018197676080076585,4.066103046172051e-06,0.0001621175070982904,7.429745640454549e-05,"66,67,68,74,86,87",0.7297722148139779,67,0.0361328125,5,12,86,0.565185546875,7,14,68,0.007080078125,8,15,74,0.0751953125,8,15,87.0,0.00634765625,7.0,14.0,66.0,0.005859375,7.0,14.0,,,,
2,20002,Torino,44,6,22,114,201,63,0.22825443201548712,6,0.0640869140625,0.1220703125,0.384521484375,5.3193359375,2.627685546875,0.8544921875,1.587646484375,-0.28078554767141845,0.00046928240678497415,0.01373138562349088,0.015839058883374838,0.029657873077047092,0.9978607096526155,0.029657873077047092,796508.7837942652,0.00019736649578441724,5.11479689234752e-05,0.00015903674358897068,5.2572445862354975e-05,"120,121,122,123,124,125",0.821582821439985,120,0.06494140625,5,12,122,0.104736328125,7,14,123,0.0205078125,8,15,121,0.04541015625,8,15,125.0,0.02685546875,7.0,14.0,124.0,0.1220703125,7.0,14.0,,,,
2,20002,Torino,55,6,22,122,181,54,0.6156526458267176,6,0.028727213541666668,0.086669921875,0.17236328125,2.447998046875,1.241455078125,0.606689453125,0.930908203125,0.20644487470081493,0.00035637220620432297,0.01142416655377004,0.005026378719403112,0.011802880976502228,0.27142445084776806,0.011802880976502228,499141.16398982535,0.00020913157721101034,0.00010450129441664454,0.00018336465852289213,0.00011301724235324616,"55,63,64,65,66,73",0.9431746596753348,73,0.010009765625,5,12,64,0.086669921875,7,14,55,0.014404296875,8,15,63,0.04052734375,8,15,65.0,0.014892578125,7.0,14.0,66.0,0.005859375,7.0,14.0,,,,
2,20002,Torino,66,6,22,114,167,51,0.608995740279159,6,0.032145182291666664,0.081787109375,0.19287109375,2.713623046875,1.363525390625,0.572509765625,1.004150390625,0.08255280941283194,0.00042063973676378306,0.015506893478544916,0.005006695084604118,0.008104273959057384,0.25534144931481,0.008104273959057384,1075071.2398390633,0.00020062399031152097,0.00015748105566558846,0.0001133079011309152,2.7784766241489783e-05,"73,80,81,82,83,84",0.929296156621758,80,0.02294921875,5,12,73,0.010009765625,7,14,82,0.053955078125,8,15,81,0.00537109375,8,15,84.0,0.081787109375,7.0,14.0,83.0,0.018798828125,7.0,14.0,,,,
2,20002,Fez,11,6,22,114,167,51,0.7078406224925791,6,0.023478190104166668,0.07080078125,0.140869140625,1.845703125,0.859619140625,0.35400390625,0.649658203125,-0.8434725946520512,0.00033454160545582897,0.010887789691551419,0.0034665246308680695,0.0045245712543414696,0.17679275617427154,0.0045245712543414696,1451886.7138059896,0.00015093886742257787,0.00011331977877974499,9.116588509949477e-05,2.2436854432723044e-05,"65,77,83,84,85,86",0.9513562046200348,83,0.07080078125,5,12,86,0.004150390625,7,14,85,0.0126953125,8,15,84,0.00244140625,8,15,65.0,0.042236328125,7.0,14.0,77.0,0.008544921875,7.0,14.0,,,,
2,20002,Fez,22,6,22,120,181,54,0.7225716406316633,6,0.0147705078125,0.022705078125,0.088623046875,1.27392578125,0.653564453125,0.181640625,0.340576171875,0.6741186905458632,0.00022199544481003253,0.007243161634232409,0.0039485454433439825,0.006365523754950697,0.21322145394057507,0.006365523754950697,1847612.0483226748,0.0001260736905702283,8.554491547909988e-05,6.992516239438715e-05,1.660307930913441e-05,"69,78,88,89,90,91",0.9491014931209192,88,0.00439453125,5,12,90,0.002685546875,7,14,69,0.022705078125,8,15,91,0.019287109375,8,15,89.0,0.016845703125,7.0,14.0,78.0,0.022705078125,7.0,14.0,,,,
2,20002,Fez,33,6,22,122,181,54,0.41262600701244734,6,0.012369791666666666,0.042236328125,0.07421875,1.07763671875,0.55810546875,0.337890625,0.418212890625,0.4700216526738963,0.0003301947584625352,0.011934024330950348,0.014023309835863591,0.03325821922205768,0.7572587311366341,0.03325821922205768,2911108.4191070516,0.00013659644183060902,9.65851238507667e-05,7.10510137216556e-05,1.0407388450935476e-05,"56,62,63,64,65,66",0.8942969109002133,66,0.003173828125,5,12,64,0.0068359375,7,14,56,0.002685546875,8,15,65,0.042236328125,8,15,63.0,0.011474609375,7.0,14.0,62.0,0.0078125,7.0,14.0,,,,
2,20002,Fez,44,6,22,109,174,51,0.7337155711506133,6,0.009724934895833334,0.015869140625,0.058349609375,0.821533203125,0.4130859375,0.126953125,0.220703125,0.15630053490161153,0.00037626393569010927,0.012786313680907638,0.0043814039042996125,0.0101566715843735,0.22345159911928025,0.0101566715843735,750933.2855191152,0.00019090189880237285,4.880620782230333e-05,0.00015620418516514516,4.2379597486132065e-05,"0,1,2,3,4,16",0.9598995016706504,0,0.011474609375,5,12,2,0.0048828125,7,14,3,0.015869140625,8,15,1,0.01171875,8,15,4.0,0.00146484375,7.0,14.0,16.0,0.012939453125,7.0,14.0,,,,
2,20002,Fez,55,6,22,114,167,51,0.7954819187636238,6,0.008585611979166666,0.018798828125,0.051513671875,0.7294921875,0.368896484375,0.150390625,0.2392578125,0.2527968381173977,0.00023512884441131518,0.00785265496157633,0.0030630717678317744,0.004731122371923191,0.15621666015942048,0.004731122371923191,1824004.964030855,0.00010484957082904305,2.71485117609998e-05,6.976119402599996e-05,2.2436854432723044e-05,"85,86,87,88,97,107",0.963567477648656,107,0.00732421875,5,12,88,0.00439453125,7,14,87,0.018798828125,8,15,97,0.004150390625,8,15,85.0,0.0126953125,7.0,14.0,86.0,0.004150390625,7.0,14.0,,,,
2,20002,Fez,66,6,22,111,182,54,0.0,6,0.026041666666666668,0.076904296875,0.15625,2.208984375,1.115234375,0.538330078125,0.719970703125,0.15226736706740496,0.00027641738644493914,0.009031447810531619,0.244657987040654,1.0,13.211531300195324,1.0,1200079.814233231,0.00012563028809568788,8.554491547909988e-05,7.342236329478419e-05,4.6580465044079096e-05,"67,68,69,70,78,89",0.6368198159703253,70,0.006103515625,5,12,78,0.022705078125,7,14,68,0.010986328125,8,15,69,0.022705078125,8,15,89.0,0.016845703125,7.0,14.0,67.0,0.076904296875,7.0,14.0,,,,
3,20003,Sherbrooke,11,6,16,83,149,27,0.5396010485685411,6,0.055948893229166664,0.203125,0.335693359375,3.468017578125,1.78955078125,1.015625,1.310546875,0.12033825840028428,0.0015153686894459975,0.0358729924735027,0.007403132018440321,0.014919502282319308,0.19988456449788866,0.014919502282319308,483255.3241080531,0.00023262735833198757,7.321640665178645e-05,0.00020150989045446572,6.175184273025624e-05,"54,62,63,64,65,66",0.8150905904858146,63,0.036865234375,8,13,54,0.0419921875,6,11,62,0.012451171875,2,7,64,0.203125,5,10,66.0,0.017333984375,2.0,7.0,65.0,0.02392578125,7.0,12.0,,,,
3,20003,Sherbrooke,22,6,16,89,170,30,0.6476383231127592,6,0.025065104166666668,0.060546875,0.150390625,1.406494140625,0.654541015625,0.171875,0.317138671875,-0.42343551481682334,0.00041593519208732536,0.00922189540401002,0.008398105198687536,0.010012484974233293,0.2519431559606261,0.010012484974233293,333474.03724829823,0.00027983825151899804,0.00017275909991425791,0.00020297232444794948,7.891898308667757e-05,"0,1,2,3,4,5",0.9063249593723404,2,0.021484375,8,13,3,0.011962890625,6,11,0,0.01123046875,2,7,1,0.0244140625,5,10,5.0,0.060546875,2.0,7.0,4.0,0.020751953125,7.0,12.0,,,,
3,20003,Sherbrooke,33,6,16,92,158,30,0.5947492437083114,6,0.031209309895833332,0.1044921875,0.187255859375,1.55712890625,0.620849609375,0.208984375,0.3994140625,-0.6672390751085097,0.0003767814258486061,0.00878587673762028,0.009962846124514672,0.012524098684695284,0.29888538373544016,0.012524098684695284,343344.95109929657,0.0002924178007880986,0.00013824687653823698,0.00025338030277436324,5.1439323175301556e-05,"34,40,41,42,43,53",0.8991430794970316,41,0.00927734375,8,13,42,0.03173828125,6,11,53,0.0263671875,2,7,40,0.006591796875,5,10,34.0,0.1044921875,2.0,7.0,43.0,0.0087890625,7.0,12.0,,,,
3,20003,Sherbrooke,44,6,16,85,177,33,0.4947226128056475,6,0.0338134765625,0.1044921875,0.202880859375,2.235595703125,1.22119140625,0.626953125,0.875,0.45342820329884975,0.00047553666368907243,0.010692771405816676,0.013698381478696328,0.01994202941922424,0.45204658879697884,0.01994202941922424,1750692.4097292472,0.000251695394531487,0.00011059051310535338,0.00014028869029073348,1.511968364381515e-05,"23,24,34,41,42,43",0.8593153150295116,24,0.031005859375,8,13,34,0.1044921875,6,11,43,0.0087890625,2,7,23,0.017578125,5,10,41.0,0.00927734375,2.0,7.0,42.0,0.03173828125,7.0,12.0,,,,
3,20003,Sherbrooke,55,6,16,88,188,33,0.4516556131106707,6,0.059814453125,0.203125,0.35888671875,3.888427734375,2.093994140625,1.421875,1.681640625,0.33380352278483927,0.00025623982158303973,0.005911153884645721,0.01168279546860713,0.023940844660705507,0.3855322504640353,0.023940844660705507,440595.3620304585,0.00026562787047261293,7.321640665178645e-05,0.0002000138548503621,6.175184273025624e-05,"45,46,47,54,63,64",0.8311928243595154,46,0.032470703125,8,13,45,0.032470703125,6,11,54,0.0419921875,2,7,47,0.011962890625,5,10,63.0,0.036865234375,2.0,7.0,64.0,0.203125,7.0,12.0,,,,
3,20003,Sherbrooke,66,6,16,95,164,30,0.0,6,0.10335286458333333,0.5,0.6201171875,6.423583984375,3.322998046875,2.5,3.125,0.08961770313098082,0.0003363049156879509,0.007756411554234241,0.27319014406512543,1.0,8.195704321953762,1.0,419940.13515380723,0.0002685355680862671,0.00014966741484017624,0.00020514717778431172,4.235694986153188e-05,"73,84,85,86,87,93",0.4995756500107466,85,0.078125,8,13,86,0.012939453125,6,11,73,0.0068359375,2,7,84,0.5,5,10,93.0,0.009765625,2.0,7.0,87.0,0.012451171875,7.0,12.0,,,,
3,20003,Torino,11,6,16,68,111,27,0.0,6,0.12626139322916666,0.565185546875,0.757568359375,6.03955078125,2.251708984375,1.13037109375,1.78466796875,-0.5606010635260276,0.0037935829445778536,0.08968959200237749,0.09370645103519865,1.0,2.5300741779503624,1.0,2416041.8775443174,0.00013504899186431616,3.1636670345492487e-06,0.00010517188842015252,6.131348483914939e-06,"82,83,84,85,86,93",0.6215906917986168,84,0.081787109375,8,13,83,0.018798828125,6,11,82,0.053955078125,2,7,93,0.00927734375,5,10,86.0,0.565185546875,2.0,7.0,85.0,0.028564453125,7.0,12.0,,,,
3,20003,Torino,22,6,16,69,116,30,0.6211194567199655,6,0.053181966145833336,0.166748046875,0.319091796875,2.95068359375,1.355224609375,0.418701171875,0.803466796875,-0.3208248408640489,0.00026208595769867347,0.0055300632516917855,0.004031551471417786,0.004854875406855308,0.12094654414253359,0.004854875406855308,319946.6903356609,0.00020751097189573476,0.00015589025123004087,0.00020291808563125064,0.00014593778977686292,"0,1,2,3,4,5",0.9087045603643692,2,0.048095703125,8,13,3,0.01513671875,6,11,0,0.166748046875,2,7,1,0.02294921875,5,10,5.0,0.00634765625,2.0,7.0,4.0,0.059814453125,7.0,12.0,,,,
3,20003,Torino,33,6,16,71,119,27,0.0,6,0.1322021484375,0.565185546875,0.793212890625,7.867431640625,3.9013671875,2.825927734375,3.427490234375,-0.02389580112197983,0.0037019579878865634,0.08838792548205011,0.8553653699966197,1.0,23.09486498990873,1.0,2319331.262093578,0.00012894144780280917,3.1636670345492487e-06,0.0001261634160115786,6.131348483914939e-06,"67,74,84,85,86,87",0.4912748949887305,74,0.0751953125,8,13,87,0.00634765625,6,11,67,0.0361328125,2,7,86,0.565185546875,5,10,84.0,0.081787109375,2.0,7.0,85.0,0.028564453125,7.0,12.0,,,,
3,20003,Torino,44,6,16,66,118,33,0.7165470583609558,6,0.030517578125,0.086669921875,0.18310546875,1.9189453125,1.00341796875,0.606689453125,0.790283203125,0.23174027783025544,0.00027488834382996465,0.006124283680777024,0.00375630864987336,0.004846625269212701,0.12395818544582088,0.004846625269212701,332202.6302998107,0.00016202432460281615,8.372342795432513e-05,0.00019270084741286465,0.00013552463463088066,"60,61,62,63,64,65",0.9343115258512026,61,0.02294921875,8,13,62,0.011962890625,6,11,63,0.04052734375,2,7,60,0.006103515625,5,10,65.0,0.014892578125,2.0,7.0,64.0,0.086669921875,7.0,12.0,,,,
3,20003,Torino,55,6,16,68,114,30,0.6871631264097302,6,0.03857421875,0.141357421875,0.2314453125,2.2470703125,1.08984375,0.706787109375,0.844482421875,-0.10260861172608186,0.0002640517990272728,0.006039999143699275,0.0038822093900258443,0.004846625269212701,0.11646628170077533,0.004846625269212701,389848.4856786529,0.00019184747287485446,8.372342795432513e-05,0.00018086394135600686,7.933698395417266e-05,"42,54,60,61,62,63",0.8914468718743073,54,0.008544921875,8,13,61,0.02294921875,6,11,60,0.006103515625,2,7,42,0.141357421875,5,10,63.0,0.04052734375,2.0,7.0,62.0,0.011962890625,7.0,12.0,,,,
3,20003,Torino,66,6,16,69,116,30,0.38881166324593425,6,0.062296549479166664,0.1220703125,0.373779296875,3.67626953125,1.807373046875,0.732421875,1.256103515625,-0.11642065724023722,0.0004780218174206741,0.009120616553158021,0.01707454017474472,0.029657873077047092,0.5122362052423416,0.029657873077047092,532873.9136395963,0.00018795045981489538,5.11479689234752e-05,0.0001667223767395195,5.2572445862354975e-05,"121,122,123,124,125,126",0.7819437958791797,123,0.0205078125,8,13,124,0.1220703125,6,11,121,0.04541015625,2,7,122,0.104736328125,5,10,126.0,0.05419921875,2.0,7.0,125.0,0.02685546875,7.0,12.0,,,,
3,20003,Fez,11,6,16,71,119,27,0.0,6,0.006917317708333333,0.010009765625,0.04150390625,0.393310546875,0.185791015625,0.0546875,0.09130859375,-0.7646695287436112,0.0002610536092357506,0.0058449304433756104,0.3723904752041458,1.0,10.05454283051193,1.0,852958.2382617786,0.00013344678415258925,0.00010707711790536659,0.00010451208914501548,2.3114926485690192e-05,"97,105,106,107,108,109",0.5151574790972263,106,0.0068359375,8,13,97,0.004150390625,6,11,105,0.010009765625,2,7,107,0.00732421875,5,10,109.0,0.008544921875,2.0,7.0,108.0,0.004638671875,7.0,12.0,,,,
3,20003,Fez,22,6,16,69,116,30,0.6580558204619288,6,0.026204427083333332,0.05224609375,0.1572265625,1.5185546875,0.732421875,0.240234375,0.392578125,-0.2480129251033658,0.00040888933867890676,0.008776102836003618,0.00772017122165705,0.013187200683940303,0.2316051366497115,0.013187200683940303,3072190.2666170653,0.00014664988306463473,0.00011748198913845548,4.627737873381674e-05,7.110321629648734e-06,"93,94,95,99,114,115",0.9348090051841844,99,0.01904296875,8,13,95,0.0400390625,6,11,114,0.0068359375,2,7,115,0.02587890625,5,10,93.0,0.05224609375,2.0,7.0,94.0,0.01318359375,7.0,12.0,,,,
3,20003,Fez,33,6,16,68,111,27,0.0,6,0.008382161458333334,0.018798828125,0.05029296875,0.456298828125,0.204833984375,0.05859375,0.09619140625,-0.6870207284857068,0.00025614478294737537,0.005590695805369568,0.18795501712972731,1.0,5.074785462502635,1.0,1033927.9709761137,0.00011194943535095194,2.71485117609998e-05,9.19335447411446e-05,2.3114926485690192e-05,"87,97,106,107,108,109",0.5290531362584773,107,0.00732421875,8,13,97,0.004150390625,6,11,87,0.018798828125,2,7,106,0.0068359375,5,10,109.0,0.008544921875,2.0,7.0,108.0,0.004638671875,7.0,12.0,,,,
3,20003,Fez,44,6,16,69,118,30,0.8030247276584701,6,0.0125732421875,0.022705078125,0.075439453125,0.8466796875,0.469482421875,0.158935546875,0.295166015625,0.7866537099110057,0.00024256409038788415,0.00554921904558483,0.004281130417334611,0.006365523754950697,0.12843391252003833,0.006365523754950697,812339.8328717249,0.00012224315977804183,8.554491547909988e-05,8.143818523449765e-05,4.6580465044079096e-05,"69,70,78,88,89,90",0.9402994567687204,89,0.016845703125,8,13,78,0.022705078125,6,11,90,0.002685546875,2,7,88,0.00439453125,5,10,70.0,0.006103515625,2.0,7.0,69.0,0.022705078125,7.0,12.0,,,,
3,20003,Fez,55,6,16,71,116,30,0.7591599933028271,6,0.022745768229166668,0.076904296875,0.136474609375,1.393798828125,0.71142578125,0.46142578125,0.59033203125,0.08192339265549974,0.0003698122348606831,0.00834379033723334,0.0037083862074588267,0.00492645681832371,0.1112515862237648,0.00492645681832371,1973288.245209021,0.00012450438238227236,8.896898620456324e-05,4.569071784035934e-05,1.1018438267643966e-05,"46,47,48,49,57,67",0.9401383317552444,47,0.01611328125,8,13,67,0.076904296875,6,11,46,0.0068359375,2,7,57,0.0048828125,5,10,49.0,0.02783203125,2.0,7.0,48.0,0.00390625,7.0,12.0,,,,
3,20003,Fez,66,6,16,77,117,30,0.8194455219414564,6,0.0103759765625,0.02783203125,0.062255859375,0.710693359375,0.3994140625,0.22265625,0.33544921875,0.7154816052642866,0.0002826902230306866,0.006190952973624557,0.003940318237437409,0.00432421866764926,0.11820954712312226,0.00432421866764926,1506835.1578088962,0.00012168222520319133,8.896898620456324e-05,7.902790010421276e-05,2.0212896727624212e-05,"38,47,48,49,50,57",0.952450083921632,49,0.02783203125,8,13,48,0.00390625,6,11,38,0.005615234375,2,7,50,0.00390625,5,10,57.0,0.0048828125,2.0,7.0,47.0,0.01611328125,7.0,12.0,,,,
4,20004,Sherbrooke,11,5,16,80,141,24,0.7820350826914482,5,0.01923828125,0.060302734375,0.09619140625,0.983154296875,0.406005859375,0.2412109375,0.303466796875,-0.40482542091487245,0.0001851467313172829,0.0032776255926187476,0.005653627010670283,0.006272881926972396,0.1356870482560868,0.006272881926972396,544326.0495990368,0.00030259829373300727,0.0002064310861537035,0.0002102468435039873,2.7133052989838604e-05,"102,103,104,105,106",0.9472935980937748,105,0.010986328125,3,9,102,0.060302734375,4,10,103,0.0087890625,5,11,106,0.012451171875,5,11,104.0,0.003662109375,7.0,13.0,,,,,,,,
4,20004,Sherbrooke,22,5,16,63,113,21,0.7955700333394621,5,0.01376953125,0.01953125,0.06884765625,0.743896484375,0.330810546875,0.109375,0.19482421875,0.010435633243492311,0.000216228732536971,0.0037364696587398943,0.007026949811388784,0.008072741155098095,0.14756594603916445,0.008072741155098095,1011471.3527231652,0.0002632418495060999,0.0001469928637936869,0.00014956956497854561,2.4196989159075558e-05,"78,79,80,81,91",0.9547919938811024,91,0.01953125,3,9,81,0.005615234375,4,10,80,0.010986328125,5,11,78,0.01708984375,5,11,79.0,0.015625,7.0,13.0,,,,,,,,
4,20004,Sherbrooke,33,5,16,74,126,24,0.0,5,0.053662109375,0.102294921875,0.268310546875,2.9599609375,1.35009765625,0.716064453125,0.98046875,0.25477933313870965,0.0005132331491887583,0.00887272607253294,0.2595493116819131,1.0,6.229183480365915,1.0,2096490.6597156825,0.00031397685763426546,0.00023052219090722952,9.930110703551351e-05,1.5498796578521108e-05,"7,8,16,25,26",0.5157029246793918,8,0.088134765625,3,9,25,0.019775390625,4,10,26,0.00830078125,5,11,7,0.0498046875,5,11,16.0,0.102294921875,7.0,13.0,,,,,,,,
4,20004,Sherbrooke,44,5,16,76,133,24,0.5953754647859281,5,0.059326171875,0.203125,0.296630859375,3.104248046875,1.324462890625,0.8125,1.039794921875,-0.20513879428429302,0.0002534060969477181,0.004416260185673672,0.007554001562586353,0.0094729906641004,0.18129603750207246,0.0094729906641004,435583.2996407078,0.0002898463285379191,7.321640665178645e-05,0.00018092998552950677,6.175184273025624e-05,"43,44,45,54,64",0.8182259788245256,44,0.01025390625,3,9,64,0.203125,4,10,54,0.0419921875,5,11,43,0.0087890625,5,11,45.0,0.032470703125,7.0,13.0,,,,,,,,
4,20004,Sherbrooke,55,5,16,69,116,21,0.7991919678831167,5,0.01689453125,0.03173828125,0.08447265625,0.873779296875,0.366943359375,0.1318359375,0.22705078125,-0.5721875858837727,0.00025603154718048456,0.004760427229066773,0.00612327825682497,0.01080346065267418,0.12858884339332438,0.01080346065267418,161077.98913755827,0.000323514840433309,0.00024905308533607187,0.00035080887460934207,0.00021816100948427524,"40,41,42,53,60",0.9629870003626366,42,0.03173828125,3,9,60,0.010498046875,4,10,40,0.006591796875,5,11,53,0.0263671875,5,11,41.0,0.00927734375,7.0,13.0,,,,,,,,
4,20004,Sherbrooke,66,5,16,78,128,24,0.734916000846578,5,0.017822265625,0.043212890625,0.089111328125,1.038818359375,0.504150390625,0.302490234375,0.390380859375,0.8496355039082469,0.0003777104781963282,0.006520519563686846,0.008189082639251144,0.01117419936357733,0.19653798334202743,0.01117419936357733,360974.26937104994,0.0002123074311832965,0.00014966741484017624,0.00018389054241688764,9.969022075291706e-05,"74,86,87,88,89",0.9330858561402366,87,0.012451171875,3,9,74,0.0029296875,4,10,89,0.017578125,5,11,86,0.012939453125,5,11,88.0,0.043212890625,7.0,13.0,,,,,,,,
4,20004,Torino,11,5,16,63,91,24,0.6876370935630673,5,0.03330078125,0.081787109375,0.16650390625,1.7978515625,0.798828125,0.408935546875,0.598388671875,-0.002114938430190662,0.0003145523788308867,0.005695281866735907,0.007840866917845883,0.017540421153037722,0.18818080602830117,0.017540421153037722,578064.3394172627,0.00019699288819771885,0.00014912654716722746,0.0001230185307348216,4.898498898759491e-05,"84,93,101,102,103",0.9205395373690458,93,0.00927734375,3,9,101,0.04736328125,4,10,102,0.011962890625,5,11,84,0.081787109375,5,11,103.0,0.01611328125,7.0,13.0,,,,,,,,
4,20004,Torino,22,5,16,51,82,21,0.7411082312145302,5,0.031591796875,0.086669921875,0.157958984375,1.702392578125,0.754638671875,0.433349609375,0.577880859375,-0.018343825563003298,0.00033612598758322445,0.0062440153232811236,0.00583285963485143,0.011802880976502228,0.12249005233188004,0.011802880976502228,304100.8418091216,0.00019353973076471646,0.00010450129441664454,0.00019194861389830556,0.00013505946449051252,"55,64,65,66,67",0.95366492242998,55,0.014404296875,3,9,67,0.0361328125,4,10,66,0.005859375,5,11,64,0.086669921875,5,11,65.0,0.014892578125,7.0,13.0,,,,,,,,
4,20004,Torino,33,5,16,63,91,24,0.0,5,0.080712890625,0.11474609375,0.403564453125,4.539306640625,2.117919921875,0.77587890625,1.349609375,0.6777253460157676,0.0004301052461773582,0.007552315120396081,0.29722362185540746,1.0,7.133366924529775,1.0,1107456.5452102236,0.00010635749327645949,4.242049838087228e-05,9.029386985854531e-05,1.880833651631802e-05,"21,22,23,34,40",0.4968993319648539,22,0.0537109375,3,9,40,0.01416015625,4,10,34,0.11474609375,5,11,23,0.110107421875,5,11,21.0,0.11083984375,7.0,13.0,,,,,,,,
4,20004,Torino,44,5,16,51,82,21,0.7605983914858255,5,0.034423828125,0.086669921875,0.172119140625,1.931396484375,0.898681640625,0.433349609375,0.717041015625,0.38652115717295443,0.00028855871804966526,0.0049401946828521465,0.0038671340269114673,0.004846625269212701,0.08120981456514081,0.004846625269212701,356724.9477310753,0.00017711907529071834,8.372342795432513e-05,0.00016082791046694652,0.00011301724235324616,"61,62,63,64,73",0.948241066727704,73,0.010009765625,3,9,61,0.02294921875,4,10,62,0.011962890625,5,11,64,0.086669921875,5,11,63.0,0.04052734375,7.0,13.0,,,,,,,,
4,20004,Torino,55,5,16,53,94,24,0.8067860034068376,5,0.018798828125,0.04052734375,0.093994140625,1.001953125,0.43798828125,0.20263671875,0.286376953125,-0.16580087958486933,0.00029241951471045577,0.005017410616067957,0.0043440526586224285,0.004846625269212701,0.10425726380693828,0.004846625269212701,337957.2867981885,0.00019073029280992367,8.372342795432513e-05,0.00017288761866677418,0.00011301724235324616,"54,61,62,63,73",0.9399258247467664,61,0.02294921875,3,9,73,0.010009765625,4,10,63,0.04052734375,5,11,54,0.008544921875,5,11,62.0,0.011962890625,7.0,13.0,,,,,,,,
4,20004,Torino,66,5,16,63,91,24,0.0,5,0.145849609375,0.565185546875,0.729248046875,9.103271484375,4.727783203125,3.956298828125,4.332275390625,0.8776970307765927,0.003682930051373378,0.05604740028680297,0.5427555504659399,1.0,13.026133211182563,1.0,399262.909367288,0.00016572153037922816,4.066103046172051e-06,0.00016715356825766517,8.054822424583139e-05,"67,74,86,87,88",0.4763254660615116,87,0.00634765625,3,9,67,0.0361328125,4,10,74,0.0751953125,5,11,88,0.04638671875,5,11,86.0,0.565185546875,7.0,13.0,,,,,,,,
4,20004,Fez,11,5,16,63,91,24,0.0,5,0.006884765625,0.008544921875,0.034423828125,0.3662109375,0.15966796875,0.042724609375,0.076904296875,-0.6619856341099907,0.0002590463714373497,0.004596953245799606,0.2940590479699192,1.0,7.0574171512780595,1.0,791795.5682531248,0.00014143639015900427,0.00010851232981634074,9.995468962989572e-05,2.3114926485690192e-05,"106,107,108,109,110",0.7711132703505461,107,0.00732421875,3,9,110,0.007080078125,4,10,109,0.008544921875,5,11,106,0.0068359375,5,11,108.0,0.004638671875,7.0,13.0,,,,,,,,
4,20004,Fez,22,5,16,53,94,24,0.8519050706363758,5,0.012548828125,0.02001953125,0.062744140625,0.705810546875,0.329345703125,0.14013671875,0.220703125,0.8788709035518603,0.00025371288981622094,0.004761505847041633,0.003552365086252301,0.00492645681832371,0.08525676207005523,0.00492645681832371,1164209.5551511594,0.00017175715932520066,0.00013444650475566183,0.00011757865597021516,1.1018438267643966e-05,"25,37,45,46,47",0.9773589022303072,46,0.0068359375,3,9,25,0.0107421875,4,10,37,0.009033203125,5,11,47,0.01611328125,5,11,45.0,0.02001953125,7.0,13.0,,,,,,,,
4,20004,Fez,33,5,16,63,91,24,0.8345159642791651,5,0.010498046875,0.02001953125,0.052490234375,0.564208984375,0.249267578125,0.080078125,0.1552734375,-0.07963825037322973,0.00019878293773413375,0.003600446532193589,0.004927962917607613,0.010273846416775756,0.11827111002258273,0.010273846416775756,395963.4908335294,0.0001537056554377892,0.00010508184625082982,0.00014470027638074104,9.594995027489865e-05,"25,26,27,37,45",0.972837838838556,26,0.00732421875,3,9,45,0.02001953125,4,10,37,0.009033203125,5,11,27,0.00537109375,5,11,25.0,0.0107421875,7.0,13.0,,,,,,,,
4,20004,Fez,44,5,16,63,91,24,0.7764048783157522,5,0.0271484375,0.076904296875,0.1357421875,1.41015625,0.595703125,0.384521484375,0.51123046875,-0.29336635578368897,0.0003228477590226684,0.005864838257613873,0.004107267804948488,0.0045245712543414696,0.0985744273187637,0.0045245712543414696,1388556.0092720478,0.0001274780089965479,9.862370959798505e-05,6.16281249017315e-05,1.6452646331419718e-05,"57,65,66,67,77",0.9226870765679636,65,0.042236328125,3,9,57,0.0048828125,4,10,67,0.076904296875,5,11,77,0.008544921875,5,11,66.0,0.003173828125,7.0,13.0,,,,,,,,
4,20004,Fez,55,5,16,63,91,24,0.8519582903192859,5,0.012548828125,0.02001953125,0.062744140625,0.705810546875,0.329345703125,0.14013671875,0.220703125,0.8788709035518603,0.00025371288981622094,0.004761505847041633,0.003552365086252301,0.00492645681832371,0.08525676207005523,0.00492645681832371,1164209.5551511594,0.00017175715932520066,0.00013444650475566183,0.00011757865597021516,1.1018438267643966e-05,"25,37,45,46,47",0.9776877676856144,46,0.0068359375,3,9,25,0.0107421875,4,10,37,0.009033203125,5,11,47,0.01611328125,5,11,45.0,0.02001953125,7.0,13.0,,,,,,,,
4,20004,Fez,66,5,16,63,91,24,0.8167371672575164,5,0.014208984375,0.022705078125,0.071044921875,0.77880859375,0.3525390625,0.158935546875,0.2431640625,0.20769498382278098,0.0002468366928449876,0.00451308793063767,0.004965805175544967,0.006365523754950697,0.1191793242130792,0.006365523754950697,774916.9681812001,0.00012372187288119387,8.554491547909988e-05,7.592386060181254e-05,4.6580465044079096e-05,"69,70,78,89,90",0.9584787716896148,69,0.022705078125,3,9,90,0.002685546875,4,10,89,0.016845703125,5,11,70,0.006103515625,5,11,78.0,0.022705078125,7.0,13.0,,,,,,,,
5,20005,Sherbrooke,11,5,14,66,109,19,0.5307151299270926,5,0.071044921875,0.203125,0.355224609375,2.85009765625,1.073974609375,0.5830078125,0.80419921875,-0.4975479216376861,0.0017393433525467155,0.026522083041287916,0.005697824259431705,0.008316168208496233,0.10825866092920239,0.008316168208496233,265231.8941586814,0.00022438786375352497,7.321640665178645e-05,0.00020963614354814968,8.596090779737319e-05,"62,63,64,72,81",0.7052588798262842,63,0.036865234375,6,11,81,0.005615234375,3,8,64,0.203125,1,6,62,0.012451171875,4,9,72.0,0.09716796875,6.0,11.0,,,,,,,,
5,20005,Sherbrooke,22,5,14,68,101,19,0.6378410871681636,5,0.0158203125,0.02392578125,0.0791015625,0.69775390625,0.30224609375,0.10693359375,0.1787109375,-0.26413235033819743,0.00027591147490110986,0.004782032596756155,0.01861706811880077,0.030667210494451147,0.3537242942572146,0.030667210494451147,183536.10731119197,0.00027499972535353814,0.0002387001918524563,0.0002645099303782596,0.0001700127424244177,"65,66,67,68,73",0.8394186406083389,67,0.017822265625,6,11,65,0.02392578125,3,8,68,0.01318359375,1,6,66,0.017333984375,4,9,73.0,0.0068359375,6.0,11.0,,,,,,,,
5,20005,Sherbrooke,33,5,14,66,100,19,0.7260914721021048,5,0.030859375,0.054443359375,0.154296875,1.338134765625,0.566650390625,0.25634765625,0.40283203125,-0.34219522780579775,0.00033788309840226835,0.005972143019134381,0.00787177000364807,0.00878800548814962,0.14956363006931334,0.00878800548814962,561073.0159070836,0.0003201393584721742,0.0002337908986939142,0.0001431787474020317,2.1509071792367444e-05,"0,1,2,14,18",0.8378475325096325,14,0.042724609375,6,11,2,0.021484375,3,8,18,0.054443359375,1,6,0,0.01123046875,4,9,1.0,0.0244140625,6.0,11.0,,,,,,,,
5,20005,Sherbrooke,44,5,14,68,110,19,0.8276272537191491,5,0.01669921875,0.03076171875,0.08349609375,0.692138671875,0.274658203125,0.10546875,0.16845703125,-0.6336949653518446,0.00014607106134921328,0.0025558003435390162,0.0051724294821130475,0.007986948615168243,0.0982761601601479,0.007986948615168243,118697.46002758581,0.0003278004341716915,0.00024905308533607187,0.0003792394057198441,0.0003109816164796847,"40,41,53,60,61",0.9024056174627544,60,0.010498046875,6,11,40,0.006591796875,3,8,61,0.03076171875,1,6,53,0.0263671875,4,9,41.0,0.00927734375,6.0,11.0,,,,,,,,
5,20005,Sherbrooke,55,5,14,66,100,19,0.7260914721021048,5,0.030859375,0.054443359375,0.154296875,1.338134765625,0.566650390625,0.25634765625,0.40283203125,-0.34219522780579775,0.00033788309840226835,0.005972143019134381,0.00787177000364807,0.00878800548814962,0.14956363006931334,0.00878800548814962,561073.0159070836,0.0003201393584721742,0.0002337908986939142,0.0001431787474020317,2.1509071792367444e-05,"0,1,2,14,18",0.8378475325096325,14,0.042724609375,6,11,2,0.021484375,3,8,18,0.054443359375,1,6,0,0.01123046875,4,9,1.0,0.0244140625,6.0,11.0,,,,,,,,
5,20005,Sherbrooke,66,5,14,66,100,19,0.7260914721021048,5,0.030859375,0.054443359375,0.154296875,1.338134765625,0.566650390625,0.25634765625,0.40283203125,-0.34219522780579775,0.00033788309840226835,0.005972143019134381,0.00787177000364807,0.00878800548814962,0.14956363006931334,0.00878800548814962,561073.0159070836,0.0003201393584721742,0.0002337908986939142,0.0001431787474020317,2.1509071792367444e-05,"0,1,2,14,18",0.8378475325096325,14,0.042724609375,6,11,2,0.021484375,3,8,18,0.054443359375,1,6,0,0.01123046875,4,9,1.0,0.0244140625,6.0,11.0,,,,,,,,
5,20005,Torino,11,5,14,53,87,19,0.0,5,0.102490234375,0.257080078125,0.512451171875,3.873779296875,1.3115234375,0.6669921875,0.924072265625,-0.8246978921954711,0.00041934119174830804,0.007300106273256671,0.057378563735945055,1.0,1.0901927109829561,1.0,575525.2093426323,0.00019100808582829944,0.00014176878738743077,0.00014943826305319923,3.6492069022158956e-05,"0,1,2,15,19",0.2751721514823171,15,0.017578125,6,11,2,0.048095703125,3,8,19,0.257080078125,1,6,0,0.166748046875,4,9,1.0,0.02294921875,6.0,11.0,,,,,,,,
5,20005,Torino,22,5,14,53,87,19,0.6555732482486121,5,0.062548828125,0.166748046875,0.312744140625,2.544677734375,0.98095703125,0.500244140625,0.692626953125,-0.5215707997406037,0.0002704359601525613,0.004674950837285928,0.004101807239072605,0.004854875406855308,0.0779343375423795,0.004854875406855308,222283.66169912904,0.00021405647574145628,0.00015589025123004087,0.0002143141448021282,0.0001522363560239665,"0,1,2,3,4",0.8526746735160217,3,0.01513671875,6,11,0,0.166748046875,3,8,4,0.059814453125,1,6,2,0.048095703125,4,9,1.0,0.02294921875,6.0,11.0,,,,,,,,
5,20005,Torino,33,5,14,63,78,19,0.7528913182210337,5,0.03701171875,0.10400390625,0.18505859375,1.412841796875,0.487548828125,0.1630859375,0.28173828125,-0.753285164339627,0.00028379617032441907,0.004880122271306335,0.004275496956083693,0.004863617703767142,0.08123444216559017,0.004863617703767142,402414.772306103,0.0001718405809892445,5.9527434601436146e-05,0.00014972122160950864,6.870523592058317e-05,"36,47,48,49,50",0.8252512691132218,49,0.019775390625,6,11,36,0.007080078125,3,8,50,0.10400390625,1,6,48,0.040771484375,4,9,47.0,0.013427734375,6.0,11.0,,,,,,,,
5,20005,Torino,44,5,14,53,87,19,0.6555732482486121,5,0.062548828125,0.166748046875,0.312744140625,2.544677734375,0.98095703125,0.500244140625,0.692626953125,-0.5215707997406037,0.0002704359601525613,0.004674950837285928,0.004101807239072605,0.004854875406855308,0.0779343375423795,0.004854875406855308,222283.66169912904,0.00021405647574145628,0.00015589025123004087,0.0002143141448021282,0.0001522363560239665,"0,1,2,3,4",0.8526746735160217,3,0.01513671875,6,11,0,0.166748046875,3,8,4,0.059814453125,1,6,2,0.048095703125,4,9,1.0,0.02294921875,6.0,11.0,,,,,,,,
5,20005,Torino,55,5,14,53,87,19,0.2003791636527667,5,0.06279296875,0.141357421875,0.31396484375,2.78369140625,1.2138671875,0.84814453125,0.98779296875,-0.081002104895958,0.0025408885256515317,0.03863645650564981,0.05488404792371262,0.07151359904753574,1.0427969105505397,0.07151359904753574,561439.1989137582,0.00013696999812072016,4.134690349780361e-05,8.922629282707416e-05,4.993444267362083e-05,"34,40,41,42,43",0.6062826805812307,40,0.01416015625,6,11,43,0.0087890625,3,8,34,0.11474609375,1,6,41,0.034912109375,4,9,42.0,0.141357421875,6.0,11.0,,,,,,,,
5,20005,Torino,66,5,14,53,87,19,0.0,5,0.102490234375,0.257080078125,0.512451171875,3.873779296875,1.3115234375,0.6669921875,0.924072265625,-0.8246978921954711,0.00041934119174830804,0.007300106273256671,0.057378563735945055,1.0,1.0901927109829561,1.0,575525.2093426323,0.00019100808582829944,0.00014176878738743077,0.00014943826305319923,3.6492069022158956e-05,"0,1,2,15,19",0.2751721514823171,15,0.017578125,6,11,2,0.048095703125,3,8,19,0.257080078125,1,6,0,0.166748046875,4,9,1.0,0.02294921875,6.0,11.0,,,,,,,,
5,20005,Fez,11,5,14,57,82,19,0.853309239259941,5,0.014697265625,0.042236328125,0.073486328125,0.61181640625,0.244384765625,0.126708984375,0.177978515625,-0.37035755537113224,0.0002169080333407686,0.0037820255944084626,0.003901105262150992,0.0045245712543414696,0.07412099998086885,0.0045245712543414696,1252002.4108577224,0.0001380090424354541,9.862370959798505e-05,5.2821915817045464e-05,1.6452646331419718e-05,"64,65,66,77,85",0.940076519484514,77,0.008544921875,6,11,65,0.042236328125,3,8,85,0.0126953125,1,6,66,0.003173828125,4,9,64.0,0.0068359375,6.0,11.0,,,,,,,,
5,20005,Fez,22,5,14,53,87,19,0.8651292565611906,5,0.00908203125,0.015869140625,0.04541015625,0.447998046875,0.220947265625,0.09521484375,0.16552734375,0.7991634450927317,0.0003183017206854905,0.005750955446256416,0.004561780007447716,0.0101566715843735,0.0866738201415066,0.0101566715843735,403198.8825520642,0.00019790463967804035,4.880620782230333e-05,0.0001645261613633366,4.2379597486132065e-05,"0,1,2,3,4",0.9420582469533464,3,0.015869140625,6,11,0,0.011474609375,3,8,4,0.00146484375,1,6,2,0.0048828125,4,9,1.0,0.01171875,6.0,11.0,,,,,,,,
5,20005,Fez,33,5,14,54,81,19,0.8261207967852499,5,0.014453125,0.042236328125,0.072265625,0.7109375,0.349609375,0.25341796875,0.29443359375,0.4510803102461879,0.00032591106555669074,0.005825432560474927,0.0055636125064857725,0.03325821922205768,0.10570863762322968,0.03325821922205768,1493160.6581389299,0.00012739909435830979,9.65851238507667e-05,5.041602262068794e-05,1.0407388450935476e-05,"63,64,65,66,77",0.922292173572502,64,0.0068359375,6,11,66,0.003173828125,3,8,63,0.011474609375,1,6,77,0.008544921875,4,9,65.0,0.042236328125,6.0,11.0,,,,,,,,
5,20005,Fez,44,5,14,53,87,19,0.8474345816793329,5,0.01689453125,0.0576171875,0.08447265625,0.871826171875,0.449462890625,0.345703125,0.4013671875,0.5754470068445918,0.0002301989353557716,0.0039755737619802224,0.003642062388772837,0.004062226949808678,0.0691991853866839,0.004062226949808678,537229.6317900503,0.00016134085356998585,0.0001203741171671805,0.00010362133211989154,3.784505791420361e-05,"50,51,58,70,71",0.9554998879040028,71,0.00927734375,6,11,50,0.00390625,3,8,70,0.006103515625,1,6,58,0.007568359375,4,9,51.0,0.0576171875,6.0,11.0,,,,,,,,
5,20005,Fez,55,5,14,53,87,19,0.8651292565611906,5,0.00908203125,0.015869140625,0.04541015625,0.447998046875,0.220947265625,0.09521484375,0.16552734375,0.7991634450927317,0.0003183017206854905,0.005750955446256416,0.004561780007447716,0.0101566715843735,0.0866738201415066,0.0101566715843735,403198.8825520642,0.00019790463967804035,4.880620782230333e-05,0.0001645261613633366,4.2379597486132065e-05,"0,1,2,3,4",0.9420582469533464,3,0.015869140625,6,11,0,0.011474609375,3,8,4,0.00146484375,1,6,2,0.0048828125,4,9,1.0,0.01171875,6.0,11.0,,,,,,,,
5,20005,Fez,66,5,14,53,87,19,0.8651292565611906,5,0.00908203125,0.015869140625,0.04541015625,0.447998046875,0.220947265625,0.09521484375,0.16552734375,0.7991634450927317,0.0003183017206854905,0.005750955446256416,0.004561780007447716,0.0101566715843735,0.0866738201415066,0.0101566715843735,403198.8825520642,0.00019790463967804035,4.880620782230333e-05,0.0001645261613633366,4.2379597486132065e-05,"0,1,2,3,4",0.9420582469533464,3,0.015869140625,6,11,0,0.011474609375,3,8,4,0.00146484375,1,6,2,0.0048828125,4,9,1.0,0.01171875,6.0,11.0,,,,,,,,
6,20006,Sherbrooke,11,5,11,60,102,17,0.0,5,0.194921875,0.5,0.974609375,6.369140625,2.470703125,1.021728515625,2.021728515625,-0.6900805048267246,0.0006670834200847261,0.0076624993420659595,0.5334024605550444,1.0,9.067841829435753,1.0,261243.4159042894,0.00027032380702140835,0.00019889469747965714,0.0002463312121400711,5.706640093315378e-05,"82,83,84,85,92",0.3249392572727763,85,0.078125,3,7,83,0.0234375,5,9,92,0.340576171875,3,7,84,0.5,2,6,82.0,0.032470703125,3.0,7.0,,,,,,,,
6,20006,Sherbrooke,22,5,11,58,110,20,0.6821495535002066,5,0.02998046875,0.056640625,0.14990234375,1.03076171875,0.43115234375,0.151611328125,0.264892578125,-0.5067514947212931,0.00042401614211555716,0.004950818952085189,0.010471035422564326,0.01219428314209653,0.20942070845128652,0.01219428314209653,343054.42731136,0.00025693465207089403,0.00021627588978017566,0.00014930467409826243,5.796574626933414e-05,"28,35,47,48,49",0.8694429516749725,35,0.01171875,3,7,48,0.01904296875,5,9,28,0.050537109375,3,7,49,0.056640625,2,6,47.0,0.011962890625,3.0,7.0,,,,,,,,
6,20006,Sherbrooke,33,5,11,55,95,17,0.5313120243653628,5,0.07607421875,0.203125,0.38037109375,2.63916015625,1.11767578125,0.609375,0.8037109375,-0.2918226308060307,0.0017248627415665002,0.01775354280329984,0.005840032350506628,0.007061466002907524,0.09928054995861268,0.007061466002907524,210309.2425038992,0.00023312324902228327,7.321640665178645e-05,0.0002499287871847567,8.596090779737319e-05,"61,62,63,64,72",0.8163204265678073,61,0.03076171875,3,7,63,0.036865234375,5,9,62,0.012451171875,3,7,72,0.09716796875,2,6,64.0,0.203125,3.0,7.0,,,,,,,,
6,20006,Sherbrooke,44,5,11,57,93,17,0.8302519498359702,5,0.020458984375,0.03076171875,0.102294921875,0.711669921875,0.302490234375,0.09228515625,0.17138671875,-0.5747044508346552,0.0001489892274815524,0.0017849714674924673,0.00450206601627041,0.005432380911591206,0.07653512227659698,0.005432380911591206,227243.40803190062,0.0003596333150821701,0.00027570164892536906,0.00031569920007834914,4.6154859052423115e-05,"53,58,59,60,61",0.933064718225286,58,0.00927734375,3,7,60,0.010498046875,5,9,53,0.0263671875,3,7,59,0.025390625,2,6,61.0,0.03076171875,3.0,7.0,,,,,,,,
6,20006,Sherbrooke,55,5,11,61,105,17,0.7914183872908828,5,0.023974609375,0.0498046875,0.119873046875,0.893310546875,0.413818359375,0.2490234375,0.33984375,0.31855728273424033,0.00016377432825465438,0.001964819111056141,0.006103783835952679,0.007986948615168243,0.10376432521119555,0.007986948615168243,195595.28937714492,0.0003875631219531731,0.00024905308533607187,0.00024959009612432096,0.00010980986380099015,"33,38,39,40,41",0.9130214003373288,41,0.00927734375,3,7,39,0.0498046875,5,9,40,0.006591796875,3,7,38,0.04541015625,2,6,33.0,0.0087890625,3.0,7.0,,,,,,,,
6,20006,Sherbrooke,66,5,11,52,94,17,0.0,5,0.1220703125,0.5,0.6103515625,3.9287109375,1.4873046875,1.0,1.390625,-0.4984270508264919,0.00028910117803822256,0.003739823595149438,0.12446416062025095,1.0,2.1158907305442667,1.0,178034.9186162176,0.0002646794718648356,0.00014966741484017624,0.00023770522336886767,0.00013864850313513932,"73,84,85,86,87",0.4558423211197377,86,0.012939453125,3,7,85,0.078125,5,9,87,0.012451171875,3,7,84,0.5,2,6,73.0,0.0068359375,3.0,7.0,,,,,,,,
6,20006,Torino,11,5,11,40,69,17,0.7304758172922794,5,0.047314453125,0.11962890625,0.236572265625,1.874267578125,0.927978515625,0.59814453125,0.721923828125,0.9478482803833366,0.0002962983494750538,0.0035844183064083204,0.003353561623205835,0.004405473466501664,0.057010547594499195,0.004405473466501664,206548.4263466089,0.0002044367228955311,0.000154283928153275,0.00019066854887646108,0.00010796699543300328,"24,25,26,27,35",0.8233602996865617,27,0.030517578125,3,7,25,0.11962890625,5,9,26,0.041259765625,3,7,24,0.02099609375,2,6,35.0,0.024169921875,3.0,7.0,,,,,,,,
6,20006,Torino,22,5,11,46,74,17,0.840583875760991,5,0.018603515625,0.040771484375,0.093017578125,0.71923828125,0.34716796875,0.203857421875,0.26318359375,0.8563211887866932,0.000268501570294572,0.0032712484581988053,0.004036557279048869,0.004863617703767142,0.06862147374383076,0.004863617703767142,303486.9916127568,0.0001559172333947426,5.9527434601436146e-05,0.00013419269358632853,6.870523592058317e-05,"29,36,47,48,49",0.9179770484973914,49,0.019775390625,3,7,48,0.040771484375,5,9,29,0.011962890625,3,7,47,0.013427734375,2,6,36.0,0.007080078125,3.0,7.0,,,,,,,,
6,20006,Torino,33,5,11,46,74,17,0.840583875760991,5,0.018603515625,0.040771484375,0.093017578125,0.71923828125,0.34716796875,0.203857421875,0.26318359375,0.8563211887866932,0.000268501570294572,0.0032712484581988053,0.004036557279048869,0.004863617703767142,0.06862147374383076,0.004863617703767142,303486.9916127568,0.0001559172333947426,5.9527434601436146e-05,0.00013419269358632853,6.870523592058317e-05,"29,36,47,48,49",0.9179770484973914,49,0.019775390625,3,7,48,0.040771484375,5,9,29,0.011962890625,3,7,47,0.013427734375,2,6,36.0,0.007080078125,3.0,7.0,,,,,,,,
6,20006,Torino,44,5,11,46,74,17,0.73842254178323,5,0.041357421875,0.10400390625,0.206787109375,1.513671875,0.6865234375,0.31201171875,0.4951171875,0.15100184171129316,0.00037814072229297755,0.004486768592041832,0.004465193649411127,0.005106236503410466,0.07590829203998917,0.005106236503410466,414790.0163068143,0.00021773351437772456,9.674916548056673e-05,0.00013226184400046758,4.184546932608388e-05,"50,56,68,69,70",0.851196433071923,70,0.0400390625,3,7,69,0.03662109375,5,9,50,0.10400390625,3,7,68,0.007080078125,2,6,56.0,0.01904296875,3.0,7.0,,,,,,,,
6,20006,Torino,55,5,11,44,81,20,0.7478469972808192,5,0.0412109375,0.086669921875,0.2060546875,1.375732421875,0.551513671875,0.17333984375,0.335205078125,-0.7887869244541947,0.00030422491616440976,0.0034175447881802023,0.003147336865954123,0.0043980168792464025,0.06294673731908246,0.0043980168792464025,257351.41629324298,0.00017596658702026497,0.00010450129441664454,0.00014884037111426862,0.00011301724235324616,"63,64,65,73,82",0.9217390487684624,65,0.014892578125,3,7,73,0.010009765625,5,9,63,0.04052734375,3,7,64,0.086669921875,2,6,82.0,0.053955078125,3.0,7.0,,,,,,,,
6,20006,Torino,66,5,11,42,73,17,0.0,5,0.1443359375,0.565185546875,0.7216796875,5.035888671875,2.149169921875,1.695556640625,1.921142578125,-0.15452435117673913,0.004283829540691791,0.0463773976025977,0.8237932890549422,1.0,14.004485913934017,1.0,1183008.7264097359,0.00014019396975613443,3.1636670345492487e-06,0.00014136794505634567,6.131348483914939e-06,"74,85,86,87,88",0.3297319079404029,74,0.0751953125,3,7,87,0.00634765625,5,9,86,0.565185546875,3,7,85,0.028564453125,2,6,88.0,0.04638671875,3.0,7.0,,,,,,,,
6,20006,Fez,11,5,11,43,82,20,0.0,5,0.00703125,0.010009765625,0.03515625,0.25244140625,0.11181640625,0.0341796875,0.064208984375,-0.08006407690254355,0.0002323820060721324,0.0028123876425462445,0.2526854919691116,1.0,5.05370983938223,1.0,504660.31286992825,0.0001416967444225102,0.00011253478202101726,0.00010422124990075688,2.3114926485690192e-05,"104,105,106,107,108",0.4345835300317032,108,0.004638671875,3,7,106,0.0068359375,5,9,104,0.00634765625,3,7,107,0.00732421875,2,6,105.0,0.010009765625,3.0,7.0,,,,,,,,
6,20006,Fez,22,5,11,44,74,20,0.8030795035067518,5,0.025927734375,0.076904296875,0.129638671875,0.84033203125,0.32177734375,0.15380859375,0.2373046875,-0.705398960409024,0.00034133121033379655,0.004301786590962886,0.00360186650680559,0.004277909315413386,0.0720373301361118,0.004277909315413386,960089.787271231,0.00011519953115937159,8.896898620456324e-05,5.2625173754902405e-05,2.0212896727624212e-05,"47,48,49,57,67",0.9537332092316282,48,0.00390625,3,7,57,0.0048828125,5,9,49,0.02783203125,3,7,67,0.076904296875,2,6,47.0,0.01611328125,3.0,7.0,,,,,,,,
6,20006,Fez,33,5,11,43,72,17,0.8785838185432719,5,0.008056640625,0.0107421875,0.040283203125,0.296142578125,0.135009765625,0.0537109375,0.080810546875,0.6970308386647976,0.00022234789572626507,0.002627358735092207,0.004756014734855762,0.010273846416775756,0.08085225049254796,0.010273846416775756,301251.1598235265,0.00013166274968564622,6.956261627908302e-05,0.0001262227295499969,9.36748750544994e-05,"24,25,26,27,37",0.9649014593956188,27,0.00537109375,3,7,25,0.0107421875,5,9,37,0.009033203125,3,7,26,0.00732421875,2,6,24.0,0.0078125,3.0,7.0,,,,,,,,
6,20006,Fez,44,5,11,42,73,17,0.8966397109458746,5,0.00966796875,0.018798828125,0.04833984375,0.343017578125,0.149658203125,0.056396484375,0.10693359375,-0.15351877341596493,0.00021454539783522962,0.002617694472754308,0.0030918113006885425,0.004731122371923191,0.052560792111705223,0.004731122371923191,415320.148410082,0.0001084408959110219,2.71485117609998e-05,9.182282711175699e-05,5.6838717300148796e-05,"86,87,88,89,97",0.951146769159504,97,0.004150390625,3,7,88,0.00439453125,5,9,87,0.018798828125,3,7,86,0.004150390625,2,6,89.0,0.016845703125,3.0,7.0,,,,,,,,
6,20006,Fez,55,5,11,44,81,20,0.0,5,0.01552734375,0.022705078125,0.07763671875,0.554443359375,0.243896484375,0.084228515625,0.15234375,-0.13126169592452405,0.00022970916381772583,0.0026659656830662574,0.20355393820646722,1.0,4.071078764129345,1.0,495326.69864014816,0.0001258929904517086,8.554491547909988e-05,7.783918469633543e-05,4.6580465044079096e-05,"68,69,78,88,89",0.7902917021125826,68,0.010986328125,3,7,89,0.016845703125,5,9,78,0.022705078125,3,7,69,0.022705078125,2,6,88.0,0.00439453125,3.0,7.0,,,,,,,,
6,20006,Fez,66,5,11,43,82,20,0.8439162802501569,5,0.01728515625,0.042236328125,0.08642578125,0.626220703125,0.280517578125,0.126708984375,0.190185546875,0.06034809236376083,0.00022914165524795142,0.0027382721152493764,0.0035967388276157393,0.0045245712543414696,0.07193477655231478,0.0045245712543414696,798978.5897308983,0.00012137092442443104,2.71485117609998e-05,6.28950443264703e-05,2.2436854432723044e-05,"65,77,85,86,87",0.9186278584458156,87,0.018798828125,3,7,85,0.0126953125,5,9,65,0.042236328125,3,7,86,0.004150390625,2,6,77.0,0.008544921875,3.0,7.0,,,,,,,,
7,20007,Sherbrooke,11,6,23,159,272,54,0.0,6,0.15218098958333334,0.5,0.9130859375,11.930419921875,5.538818359375,4.0,5.021728515625,-0.3255037370311853,0.0006158474483408128,0.016777369561260327,0.23071953323470157,1.0,12.458854794673888,1.0,570580.6402637813,0.0002221780543473742,0.0001469928637936869,0.00023631967800804014,5.706640093315378e-05,"80,81,82,83,84,92",0.6147700153675234,84,0.5,8,15,92,0.340576171875,3,10,83,0.0234375,9,16,82,0.032470703125,5,12,80.0,0.010986328125,9.0,16.0,81.0,0.005615234375,8.0,15.0,,,,
7,20007,Sherbrooke,22,6,23,154,245,51,0.4742076203019939,6,0.0328369140625,0.1044921875,0.197021484375,2.991455078125,1.6123046875,0.9404296875,1.2001953125,0.517004976688264,0.00041937561609987597,0.012719417945733254,0.009769117166583883,0.012524098684695284,0.49822497549577804,0.012524098684695284,594714.5232027506,0.0003051514503997847,0.00013824687653823698,0.0002333279801839235,5.1439323175301556e-05,"34,41,42,43,44,45",0.8283565394454956,42,0.03173828125,8,15,41,0.00927734375,3,10,43,0.0087890625,9,16,44,0.01025390625,5,12,34.0,0.1044921875,9.0,16.0,45.0,0.032470703125,8.0,15.0,,,,
7,20007,Sherbrooke,33,6,23,161,256,51,0.0,6,0.1064453125,0.5,0.638671875,8.08447265625,3.61376953125,2.5,3.203125,-0.3597033918235558,0.00033751026345253107,0.010010946929867448,0.3788412958356579,1.0,19.320906087618553,1.0,612976.2780012635,0.00027267052211947507,0.00014966741484017624,0.00021393117770135398,5.706640093315378e-05,"66,73,83,84,85,86",0.6056383639400263,73,0.0068359375,8,15,66,0.017333984375,3,10,85,0.078125,9,16,84,0.5,5,12,86.0,0.012939453125,9.0,16.0,83.0,0.0234375,8.0,15.0,,,,
7,20007,Sherbrooke,44,6,23,159,283,60,0.5183450627239423,6,0.019816080729166668,0.032470703125,0.118896484375,1.56103515625,0.728759765625,0.2373046875,0.39599609375,-0.730529757685392,0.0002990537617320909,0.008576809810370114,0.008260859014715906,0.01196664015782678,0.4956515408829543,0.01196664015782678,315897.0110210789,0.0003280605791309734,0.00024905308533607187,0.00029150661038933643,0.00016575839177507913,"41,42,43,44,45,53",0.8796069107662619,44,0.01025390625,8,15,45,0.032470703125,3,10,43,0.0087890625,9,16,42,0.03173828125,5,12,53.0,0.0263671875,9.0,16.0,41.0,0.00927734375,8.0,15.0,,,,
7,20007,Sherbrooke,55,6,23,156,271,57,0.6507434079959072,6,0.02001953125,0.03076171875,0.1201171875,1.713134765625,0.872314453125,0.27685546875,0.48779296875,0.28916208618910827,0.00016936354418215012,0.004898839320774075,0.0050234046173294805,0.007731650573851945,0.2863340631877804,0.007731650573851945,596611.4134033858,0.0003378270884433731,0.00022879595524938841,0.0002861274105614964,4.6154859052423115e-05,"53,58,59,60,61,71",0.9124978377643266,71,0.017822265625,8,15,60,0.010498046875,3,10,58,0.00927734375,9,16,59,0.025390625,5,12,61.0,0.03076171875,9.0,16.0,53.0,0.0263671875,8.0,15.0,,,,
7,20007,Sherbrooke,66,6,23,158,295,60,0.6528239580444604,6,0.011433919270833334,0.021484375,0.068603515625,0.932373046875,0.4521484375,0.193359375,0.255859375,-0.31499756904988,0.00020613697263333565,0.0062025167270912855,0.005514555280657052,0.006303480430202679,0.3308733168394231,0.006303480430202679,1487569.2972072975,0.00027183634943718846,0.00023928033542071583,0.0001876829355294096,1.565907859482999e-05,"121,122,123,124,125,126",0.9009776156747508,125,0.0078125,8,15,126,0.019775390625,3,10,124,0.004150390625,9,16,123,0.0078125,5,12,121.0,0.021484375,9.0,16.0,122.0,0.007568359375,8.0,15.0,,,,
7,20007,Torino,11,6,23,115,177,48,0.6397742103199571,6,0.032145182291666664,0.081787109375,0.19287109375,2.531982421875,1.181884765625,0.485595703125,0.73095703125,-0.46249110864395004,0.00042063973676378306,0.014481263203254328,0.004413025770887104,0.008104273959057384,0.211825237002581,0.008104273959057384,1184523.8503409969,0.00020062399031152105,0.00015748105566558846,0.00011330790113091517,2.7784766241489783e-05,"73,80,81,82,83,84",0.8888779710858066,83,0.018798828125,8,15,84,0.081787109375,3,10,82,0.053955078125,9,16,81,0.00537109375,5,12,73.0,0.010009765625,9.0,16.0,80.0,0.02294921875,8.0,15.0,,,,
7,20007,Torino,22,6,23,120,198,60,0.539308630866783,6,0.053181966145833336,0.166748046875,0.319091796875,3.961669921875,1.72802734375,0.500244140625,0.978759765625,-0.6973765662054352,0.0002620859576986736,0.007227633926257477,0.004124812417972531,0.004854875406855308,0.24748874507835184,0.004854875406855308,455874.2290109265,0.00020751097189573476,0.00015589025123004087,0.00020291808563125064,0.00014593778977686292,"0,1,2,3,4,5",0.8798497752575185,1,0.02294921875,8,15,0,0.166748046875,3,10,2,0.048095703125,9,16,3,0.01513671875,5,12,5.0,0.00634765625,9.0,16.0,4.0,0.059814453125,8.0,15.0,,,,
7,20007,Torino,33,6,23,110,182,51,0.6750230378645672,6,0.0283203125,0.086669921875,0.169921875,2.275390625,1.0859375,0.433349609375,0.798095703125,-0.2716208116605963,0.0002807966221767715,0.0069637667190030955,0.0036404127861490556,0.004846625269212701,0.18566105209360184,0.004846625269212701,512808.993754761,0.00020084071309603034,0.00010450129441664454,0.00017799497088988837,0.00011301724235324616,"62,63,64,65,66,73",0.8986439028286028,73,0.010009765625,8,15,62,0.011962890625,3,10,63,0.04052734375,9,16,64,0.086669921875,5,12,66.0,0.005859375,9.0,16.0,65.0,0.014892578125,8.0,15.0,,,,
7,20007,Torino,44,6,23,114,174,48,0.6081737133962372,6,0.041910807291666664,0.141357421875,0.25146484375,3.078369140625,1.318115234375,0.424072265625,0.832275390625,-0.7058822371360282,0.0003162319164051327,0.00946281954241636,0.004281641825434138,0.0071494023003074725,0.20551880762083863,0.0071494023003074725,915933.4847995234,0.00014553854819861277,5.541491119435325e-05,0.00012211479578611495,4.932106481026948e-05,"35,42,43,44,45,46",0.9029898524173992,43,0.0087890625,8,15,42,0.141357421875,3,10,44,0.016845703125,9,16,45,0.00927734375,5,12,35.0,0.024169921875,9.0,16.0,46.0,0.051025390625,8.0,15.0,,,,
7,20007,Torino,55,6,23,114,174,48,0.6030664484260834,6,0.035563151041666664,0.086669921875,0.21337890625,2.921142578125,1.427490234375,0.693359375,1.017578125,-0.1774687046619569,0.0003930943027381109,0.010342205151896183,0.005304560884799517,0.011973449649978707,0.2546189224703768,0.011973449649978707,605874.7682071277,0.00020147098049535392,0.00010450129441664454,0.00017274862893239598,4.932106481026948e-05,"46,55,63,64,65,66",0.9082426919877188,64,0.086669921875,8,15,46,0.051025390625,3,10,55,0.014404296875,9,16,65,0.014892578125,5,12,66.0,0.005859375,9.0,16.0,63.0,0.04052734375,8.0,15.0,,,,
7,20007,Torino,66,6,23,136,194,57,0.0,6,0.12980143229166666,0.565185546875,0.77880859375,11.0986328125,5.64697265625,4.521484375,4.930419921875,0.07404209383110513,0.0037869292109378914,0.13539376907060552,0.3004052929153685,1.0,17.12310169617601,1.0,3272747.4236204852,0.00013990772560628473,3.1636670345492487e-06,0.00010735867773596148,6.131348483914939e-06,"74,83,84,85,86,93",0.6219670589820476,86,0.565185546875,8,15,74,0.0751953125,3,10,85,0.028564453125,9,16,84,0.081787109375,5,12,93.0,0.00927734375,9.0,16.0,83.0,0.018798828125,8.0,15.0,,,,
7,20007,Fez,11,6,23,120,198,60,0.0,6,0.007283528645833333,0.010009765625,0.043701171875,0.60595703125,0.300048828125,0.080078125,0.14599609375,-0.2587234563097395,0.0002473835828507012,0.007250913325780762,0.235931573121596,1.0,14.155894387295751,1.0,1306328.4509127578,0.0001361660086548153,0.00010851232981634074,0.00010018711239050713,2.3114926485690192e-05,"104,105,106,107,108,109",0.5939811341780163,108,0.004638671875,8,15,109,0.008544921875,3,10,107,0.00732421875,9,16,106,0.0068359375,5,12,104.0,0.00634765625,9.0,16.0,105.0,0.010009765625,8.0,15.0,,,,
7,20007,Fez,22,6,23,125,189,57,0.6984106187381068,6,0.009724934895833334,0.015869140625,0.058349609375,0.823486328125,0.4150390625,0.142822265625,0.248291015625,0.09933118700956534,0.00037626393569010927,0.012476219729348469,0.004738741202921287,0.0101566715843735,0.27010824856651333,0.0101566715843735,780930.7322831609,0.00019090189880237285,4.880620782230333e-05,0.00015620418516514516,4.2379597486132065e-05,"0,1,2,3,4,16",0.9159001396772024,4,0.00146484375,8,15,16,0.012939453125,3,10,3,0.015869140625,9,16,2,0.0048828125,5,12,1.0,0.01171875,9.0,16.0,0.0,0.011474609375,8.0,15.0,,,,
7,20007,Fez,33,6,23,118,179,51,0.7791312969976546,6,0.007120768229166667,0.0107421875,0.042724609375,0.62646484375,0.327392578125,0.0966796875,0.177978515625,0.7954727295077738,0.0002099515114854834,0.006203404519876051,0.003648914162730575,0.010273846416775756,0.18609462229925933,0.010273846416775756,696683.3920113423,0.00013884541752857594,6.956261627908302e-05,0.0001256501339449193,9.36748750544994e-05,"23,24,25,26,27,37",0.9352632224008214,24,0.0078125,8,15,23,0.00244140625,3,10,25,0.0107421875,9,16,26,0.00732421875,5,12,37.0,0.009033203125,9.0,16.0,27.0,0.00537109375,8.0,15.0,,,,
7,20007,Fez,44,6,23,136,194,57,0.7281360535556546,6,0.009724934895833334,0.015869140625,0.058349609375,0.7880859375,0.379638671875,0.116455078125,0.210205078125,-0.43411407656032264,0.00037626393569010927,0.011689394988461123,0.004005603112682948,0.0101566715843735,0.22831937742292802,0.0101566715843735,733453.8223497411,0.00019090189880237285,4.880620782230333e-05,0.0001562041851651452,4.2379597486132065e-05,"0,1,2,3,4,16",0.9152594232634872,1,0.01171875,8,15,0,0.011474609375,3,10,2,0.0048828125,9,16,3,0.015869140625,5,12,16.0,0.012939453125,9.0,16.0,4.0,0.00146484375,8.0,15.0,,,,
7,20007,Fez,55,6,23,118,186,54,0.7892165541847022,6,0.008504231770833334,0.018798828125,0.051025390625,0.74169921875,0.384521484375,0.169189453125,0.283447265625,0.35645478702595645,0.00021217657022240882,0.006255128716849929,0.0030277692707685526,0.003426458992757342,0.16349954062150185,0.003426458992757342,1609461.1123248534,0.00011659297494762046,2.71485117609998e-05,7.136012093395524e-05,2.2436854432723044e-05,"77,84,85,86,87,88",0.933565773315834,84,0.00244140625,8,15,77,0.008544921875,3,10,85,0.0126953125,9,16,86,0.004150390625,5,12,87.0,0.018798828125,9.0,16.0,88.0,0.00439453125,8.0,15.0,,,,
7,20007,Fez,66,6,23,136,194,57,0.77131620330435,6,0.007771809895833333,0.018798828125,0.046630859375,0.639404296875,0.31298828125,0.1015625,0.195556640625,-0.16841952579313887,0.00022852043143386947,0.006625644104093181,0.003301632596738138,0.004731122371923191,0.18819305801407388,0.004731122371923191,1435998.5712063364,0.00010498040362216431,2.71485117609998e-05,8.306165320239045e-05,2.2436854432723044e-05,"84,85,86,87,88,97",0.9346342184451852,85,0.0126953125,8,15,84,0.00244140625,3,10,86,0.004150390625,9,16,87,0.018798828125,5,12,88.0,0.00439453125,9.0,16.0,97.0,0.004150390625,8.0,15.0,,,,
8,20008,Sherbrooke,11,5,24,75,122,21,0.7086105244169558,5,0.0251953125,0.0419921875,0.1259765625,1.90478515625,0.89697265625,0.3896484375,0.68359375,0.43590429188216184,0.00023195423067142668,0.007340626230360786,0.009556788049268995,0.023940844660705507,0.2006925490346489,0.023940844660705507,457504.7958124408,0.00034837479960986913,0.00021016899498644905,0.0002615007829775134,6.175184273025624e-05,"43,44,45,46,54",0.9556956913412176,43,0.0087890625,6,14,45,0.032470703125,12,20,46,0.032470703125,4,12,44,0.01025390625,3,11,54.0,0.0419921875,7.0,15.0,,,,,,,,
8,20008,Sherbrooke,22,5,24,76,120,21,0.6934619039079339,5,0.0263671875,0.056640625,0.1318359375,1.869384765625,0.814697265625,0.33984375,0.567138671875,-0.10955235319579432,0.0002697777459963525,0.008282860210947094,0.010160204474444259,0.01219428314209653,0.21336429396332945,0.01219428314209653,492921.2673428176,0.0002856709180810009,0.00021627588978017566,0.00023432046921921783,5.796574626933414e-05,"35,46,47,48,49",0.9370176010388857,49,0.056640625,6,14,47,0.011962890625,12,20,35,0.01171875,4,12,48,0.01904296875,3,11,46.0,0.032470703125,7.0,15.0,,,,,,,,
8,20008,Sherbrooke,33,5,24,71,112,21,0.7296799534206595,5,0.026171875,0.0390625,0.130859375,2.016357421875,0.969482421875,0.46875,0.728515625,0.7625679635777929,0.00019434970217645844,0.0061818339997998335,0.008121071888623063,0.009819558723137167,0.1705425096610843,0.009819558723137167,884268.8936494321,0.0003846310863884545,0.00032407470321102873,0.0001655745754606111,2.5815955769117512e-05,"19,20,21,22,33",0.9643114774396736,22,0.022705078125,6,14,20,0.0390625,12,20,33,0.0087890625,4,12,21,0.023193359375,3,11,19.0,0.037109375,7.0,15.0,,,,,,,,
8,20008,Sherbrooke,44,5,24,81,127,24,0.797506464485591,5,0.01435546875,0.025390625,0.07177734375,1.008544921875,0.434326171875,0.177734375,0.283203125,-0.24914763397307269,0.00017747169553671672,0.005939815826323983,0.005949404808778837,0.007731650573851945,0.14278571541069207,0.007731650573851945,550328.9215081823,0.00034474075325711994,0.00022879595524938841,0.00023372153689985698,4.6154859052423115e-05,"58,59,60,71,77",0.9609433761183792,58,0.00927734375,6,14,77,0.0087890625,12,20,60,0.010498046875,4,12,71,0.017822265625,3,11,59.0,0.025390625,7.0,15.0,,,,,,,,
8,20008,Sherbrooke,55,5,24,78,120,21,0.7919317706542413,5,0.01689453125,0.03173828125,0.08447265625,1.177734375,0.501953125,0.22216796875,0.33349609375,-0.2429100001363796,0.00025603154718048456,0.009132860781830345,0.006447815907004812,0.01080346065267418,0.13540413404710105,0.01080346065267418,219411.3249765266,0.000323514840433309,0.00024905308533607187,0.0003508088746093421,0.00021816100948427524,"40,41,42,53,60",0.9664081809768832,60,0.010498046875,6,14,41,0.00927734375,12,20,40,0.006591796875,4,12,53,0.0263671875,3,11,42.0,0.03173828125,7.0,15.0,,,,,,,,
8,20008,Sherbrooke,66,5,24,81,128,24,0.7932457145574329,5,0.01162109375,0.01708984375,0.05810546875,0.814697265625,0.349853515625,0.10546875,0.19921875,-0.330143361659351,0.00021653499696917025,0.007538335762887411,0.006665614336403944,0.007926923147774934,0.15997474407369466,0.007926923147774934,1150065.9160221242,0.0002489723299636438,0.0001469928637936869,0.00012826759706854006,2.4196989159075558e-05,"77,78,79,80,81",0.95154255039187,79,0.015625,6,14,77,0.0087890625,12,20,81,0.005615234375,4,12,78,0.01708984375,3,11,80.0,0.010986328125,7.0,15.0,,,,,,,,
8,20008,Torino,11,5,24,69,108,21,0.6428474527845748,5,0.04013671875,0.137939453125,0.20068359375,2.823486328125,1.218017578125,0.82763671875,1.02099609375,-0.08598176971755282,0.0008727757759211301,0.030891111694597143,0.008852669970921127,0.013826342265450986,0.18590606938934368,0.013826342265450986,905949.6432487501,0.00014588629388806023,6.469120881427432e-05,0.00010349207095598058,4.898498898759491e-05,"93,102,103,104,105",0.9142743136048668,105,0.137939453125,6,14,103,0.01611328125,12,20,93,0.00927734375,4,12,104,0.025390625,3,11,102.0,0.011962890625,7.0,15.0,,,,,,,,
8,20008,Torino,22,5,24,69,108,21,0.7370198332671407,5,0.040625,0.086669921875,0.203125,3.11962890625,1.49462890625,0.606689453125,1.093017578125,0.4356536115833767,0.0002951461640261493,0.009057060654861929,0.0036438370303442367,0.004846625269212701,0.07652057763722897,0.004846625269212701,527733.7203830722,0.000191870600832971,0.0001566544988539497,0.0001358476070622445,0.00011301724235324616,"62,63,64,73,82",0.955547730895771,82,0.053955078125,6,14,63,0.04052734375,12,20,62,0.011962890625,4,12,73,0.010009765625,3,11,64.0,0.086669921875,7.0,15.0,,,,,,,,
8,20008,Torino,33,5,24,76,108,24,0.6218499130595643,5,0.065185546875,0.11962890625,0.325927734375,4.176025390625,1.568603515625,0.478515625,0.8544921875,-0.778469652670216,0.00031999640693364386,0.0108723097995694,0.004800069822244894,0.006316093954111535,0.11520167573387746,0.006316093954111535,589435.8876065343,0.00012195471805807274,4.242049838087228e-05,0.0001655157688320725,5.826292550333278e-05,"16,22,23,24,25",0.9380258553840384,24,0.02099609375,6,14,16,0.021484375,12,20,25,0.11962890625,4,12,23,0.110107421875,3,11,22.0,0.0537109375,7.0,15.0,,,,,,,,
8,20008,Torino,44,5,24,69,108,21,0.7370198332671407,5,0.040625,0.086669921875,0.203125,3.11962890625,1.49462890625,0.606689453125,1.093017578125,0.4356536115833767,0.0002951461640261493,0.009057060654861929,0.0036438370303442367,0.004846625269212701,0.07652057763722897,0.004846625269212701,527733.7203830722,0.000191870600832971,0.0001566544988539497,0.0001358476070622445,0.00011301724235324616,"62,63,64,73,82",0.955547730895771,82,0.053955078125,6,14,63,0.04052734375,12,20,62,0.011962890625,4,12,73,0.010009765625,3,11,64.0,0.086669921875,7.0,15.0,,,,,,,,
8,20008,Torino,55,5,24,69,108,21,0.7089394006818708,5,0.02060546875,0.051025390625,0.10302734375,1.7001953125,0.8759765625,0.6123046875,0.706298828125,0.9003641945719395,0.0004392513213400947,0.013971707374210338,0.010184289513326653,0.011973449649978707,0.21387007977985972,0.011973449649978707,920246.9102236098,0.0001627747629302871,5.541491119435325e-05,0.00011559362880334686,4.932106481026948e-05,"45,46,47,55,65",0.944914311572524,65,0.014892578125,6,14,46,0.051025390625,12,20,45,0.00927734375,4,12,55,0.014404296875,3,11,47.0,0.013427734375,7.0,15.0,,,,,,,,
8,20008,Torino,66,5,24,76,105,24,0.0,5,0.102490234375,0.257080078125,0.512451171875,6.8974609375,2.7978515625,1.0283203125,2.02880859375,-0.32555617360117645,0.00041934119174830804,0.014041060432264257,0.08794517065147134,1.0,2.1106840956353117,1.0,935037.4600078855,0.00019100808582829944,0.00014176878738743077,0.00014943826305319923,3.6492069022158956e-05,"0,1,2,15,19",0.6947056998844505,0,0.166748046875,6,14,2,0.048095703125,12,20,19,0.257080078125,4,12,1,0.02294921875,3,11,15.0,0.017578125,7.0,15.0,,,,,,,,
8,20008,Fez,11,5,24,69,108,21,0.8817181349377422,5,0.007763671875,0.018798828125,0.038818359375,0.639892578125,0.329345703125,0.2255859375,0.26953125,0.9135331161787807,0.00024299138399953472,0.008119898986002003,0.0035614185470784184,0.004731122371923191,0.07478978948864679,0.004731122371923191,1327409.6127764592,9.589251214755403e-05,2.71485117609998e-05,7.922606194465534e-05,2.3114926485690192e-05,"86,87,88,97,107",0.977948996771436,107,0.00732421875,6,14,87,0.018798828125,12,20,86,0.004150390625,4,12,97,0.004150390625,3,11,88.0,0.00439453125,7.0,15.0,,,,,,,,
8,20008,Fez,22,5,24,69,108,21,0.8119173918405804,5,0.021728515625,0.076904296875,0.108642578125,1.59326171875,0.72412109375,0.46142578125,0.65478515625,0.06577448609215897,0.0003844134439216276,0.012569962424019965,0.0037161549524678144,0.00492645681832371,0.0780392540018241,0.00492645681832371,2356161.051795002,0.00012764364813945252,8.896898620456324e-05,5.078628206290637e-05,1.1018438267643966e-05,"46,47,48,57,67",0.9665530173260504,67,0.076904296875,6,14,47,0.01611328125,12,20,46,0.0068359375,4,12,57,0.0048828125,3,11,48.0,0.00390625,7.0,15.0,,,,,,,,
8,20008,Fez,33,5,24,76,108,24,0.8369563995507866,5,0.0134765625,0.03271484375,0.0673828125,0.828857421875,0.289794921875,0.09814453125,0.17822265625,-0.7929851602926868,0.0002489831609058874,0.008598592572918512,0.003964332483047897,0.005548863169461404,0.09514397959314952,0.005548863169461404,786224.7027401787,0.00015670683300719385,0.00013679890666469776,0.0001309400927629743,3.860912417187856e-05,"42,43,44,45,56",0.9680063617423194,44,0.00439453125,6,14,56,0.002685546875,12,20,45,0.02001953125,4,12,43,0.03271484375,3,11,42.0,0.007568359375,7.0,15.0,,,,,,,,
8,20008,Fez,44,5,24,73,107,24,0.8211333459538188,5,0.013671875,0.022705078125,0.068359375,0.9482421875,0.4013671875,0.158935546875,0.249755859375,-0.3094896318019119,0.00025186703807722374,0.007973230781448782,0.004767657961803544,0.006365523754950697,0.11442379108328504,0.006365523754950697,1100003.5402603382,0.00015103588196538326,8.554491547909988e-05,7.637595247659453e-05,3.784505791420361e-05,"58,69,70,71,78",0.9724422742421872,71,0.00927734375,6,14,70,0.006103515625,12,20,78,0.022705078125,4,12,58,0.007568359375,3,11,69.0,0.022705078125,7.0,15.0,,,,,,,,
8,20008,Fez,55,5,24,69,108,21,0.0,5,0.027880859375,0.076904296875,0.139404296875,2.015625,0.900390625,0.46142578125,0.73388671875,0.02062060675325092,0.00030446895136148814,0.010363673213184583,0.43142322178071607,1.0,9.059887657395038,1.0,1052997.895127291,0.00011570100554715414,8.554491547909988e-05,7.088708548950136e-05,4.6580465044079096e-05,"67,68,69,70,78",0.6974870917675168,67,0.076904296875,6,14,69,0.022705078125,12,20,78,0.022705078125,4,12,68,0.010986328125,3,11,70.0,0.006103515625,7.0,15.0,,,,,,,,
8,20008,Fez,66,5,24,73,107,24,0.8403044738874649,5,0.011376953125,0.02001953125,0.056884765625,0.82470703125,0.36962890625,0.14013671875,0.23681640625,0.06170283977417865,0.0003166227581699183,0.009748735125796241,0.0040884289146731435,0.00492645681832371,0.09812229395215544,0.00492645681832371,2302328.1654375973,0.00016641893650156962,0.00010775539063750666,0.00010609891173113376,1.1018438267643966e-05,"37,45,46,47,57",0.9720873337710956,47,0.01611328125,6,14,46,0.0068359375,12,20,37,0.009033203125,4,12,57,0.0048828125,3,11,45.0,0.02001953125,7.0,15.0,,,,,,,,
9,20009,Sherbrooke,11,4,14,63,113,22,0.8047355945234544,4,0.02093505859375,0.060302734375,0.083740234375,0.930908203125,0.51220703125,0.422119140625,0.457275390625,0.6460719744468403,0.0001881924986859724,0.0030110799789755584,0.0055061645288070745,0.006272881926972396,0.12113561963375563,0.006272881926972396,480302.22679074085,0.0002687441226794248,0.0002064310861537035,0.00017298113896972419,2.7133052989838604e-05,"102,103,104,105",0.9714970793169978,104,0.003662109375,6,11,103,0.0087890625,4,9,102,0.060302734375,7,12,105,0.010986328125,3,8,,,,,,,,,,,,
9,20009,Sherbrooke,22,4,14,74,105,22,0.6856946514042522,4,0.03900146484375,0.1044921875,0.156005859375,1.70556640625,0.925537109375,0.7314453125,0.828857421875,0.5905543598116608,0.00042626076898468455,0.006820172303754953,0.008947381671088307,0.012524098684695284,0.19684239676394277,0.012524098684695284,351668.33751468273,0.00032602327939739925,0.00013824687653823698,0.00020209412507380146,5.1439323175301556e-05,"34,43,44,45",0.9469218028674506,44,0.01025390625,6,11,43,0.0087890625,4,9,34,0.1044921875,7,12,45,0.032470703125,3,8,,,,,,,,,,,,
9,20009,Sherbrooke,33,4,14,56,83,16,0.8394421935849579,4,0.02325439453125,0.03076171875,0.093017578125,0.906494140625,0.44140625,0.1845703125,0.2861328125,-0.49025238811125627,0.00013945652756825185,0.0022313044410920296,0.0047253925741927855,0.005432380911591206,0.07560628118708457,0.005432380911591206,104633.19452256216,0.00033270743867573735,0.00027570164892536906,0.00038308528533483055,0.0003205561005438467,"53,59,60,61",0.9782896761275895,60,0.010498046875,6,11,59,0.025390625,4,9,53,0.0263671875,7,12,61,0.03076171875,3,8,,,,,,,,,,,,
9,20009,Sherbrooke,44,4,14,65,107,22,0.5797056537418388,4,0.0736083984375,0.203125,0.29443359375,2.837158203125,1.364990234375,0.8125,1.1064453125,-0.22414272880933409,0.002105373165270943,0.03368597064433509,0.006627406929488221,0.007470643071650518,0.14580295244874086,0.007470643071650518,411300.9616204893,0.00020777508980718846,7.321640665178645e-05,0.00014450095692696263,6.175184273025624e-05,"54,62,63,64",0.9371668474724344,63,0.036865234375,6,11,64,0.203125,4,9,54,0.0419921875,7,12,62,0.012451171875,3,8,,,,,,,,,,,,
9,20009,Sherbrooke,55,4,14,61,90,16,0.7096731570640172,4,0.038818359375,0.1044921875,0.1552734375,1.40576171875,0.62939453125,0.3134765625,0.53564453125,-0.5960103913447018,0.00048077223909048946,0.007692355825447831,0.010279015756732617,0.012524098684695284,0.16446425210772186,0.012524098684695284,306689.25600834424,0.00029088492686270517,0.00013824687653823698,0.00018434475814075164,5.1439323175301556e-05,"34,42,43,44",0.9156647296480616,43,0.0087890625,6,11,44,0.01025390625,4,9,42,0.03173828125,7,12,34,0.1044921875,3,8,,,,,,,,,,,,
9,20009,Sherbrooke,66,4,14,65,107,22,0.7160512507421531,4,0.03668212890625,0.078125,0.146728515625,1.39794921875,0.664306640625,0.302490234375,0.536865234375,-0.40638350347019275,0.0001829390236378458,0.0029270243782055327,0.007852974862024182,0.0099787519455099,0.172765446964532,0.0099787519455099,270513.90320733807,0.0002650315874361255,0.00014966741484017624,0.0001874705358662539,9.969022075291706e-05,"85,86,87,88",0.9283285775583682,86,0.012939453125,6,11,87,0.012451171875,4,9,88,0.043212890625,7,12,85,0.078125,3,8,,,,,,,,,,,,
9,20009,Torino,11,4,14,56,91,22,0.6276952630534154,4,0.0478515625,0.137939453125,0.19140625,1.67138671875,0.71435546875,0.413818359375,0.566162109375,-0.7345170709890577,0.0010594985852483661,0.016951977363973858,0.00975499307578286,0.013826342265450986,0.2146098476672229,0.013826342265450986,569928.1401481932,0.00011854616474815956,6.469120881427432e-05,7.728267977173423e-05,4.898498898759491e-05,"102,103,104,105",0.8715645919957813,104,0.025390625,6,11,103,0.01611328125,4,9,102,0.011962890625,7,12,105,0.137939453125,3,8,,,,,,,,,,,,
9,20009,Torino,22,4,14,54,73,16,0.8215882848293569,4,0.03106689453125,0.0751953125,0.124267578125,1.4091796875,0.787841796875,0.5263671875,0.7431640625,0.9331549724724276,0.00031032722480676034,0.004965235596908165,0.003609400747956553,0.003916519667463703,0.05775041196730485,0.003916519667463703,307533.5996319284,0.00021033396054522254,0.00013080147015001793,0.00016139607813572414,7.429745640454549e-05,"66,67,68,74",0.97904886954989,67,0.0361328125,6,11,66,0.005859375,4,9,74,0.0751953125,7,12,68,0.007080078125,3,8,,,,,,,,,,,,
9,20009,Torino,33,4,14,56,91,22,0.7611920181493214,4,0.04248046875,0.11962890625,0.169921875,1.48583984375,0.63623046875,0.35888671875,0.50390625,-0.7522138601961795,0.0003103347115335864,0.004965355384537382,0.0036764448816854933,0.005393797820383628,0.08088178739708085,0.005393797820383628,296817.18516520853,0.00014927286946382146,5.541491119435325e-05,0.00020237042320852888,7.137361515906438e-05,"25,35,44,45",0.9312458422360904,35,0.024169921875,6,11,44,0.016845703125,4,9,45,0.00927734375,7,12,25,0.11962890625,3,8,,,,,,,,,,,,
9,20009,Torino,44,4,14,56,91,22,0.7292029865532367,4,0.05328369140625,0.175537109375,0.213134765625,1.780517578125,0.71484375,0.526611328125,0.618408203125,-0.7826505426242535,0.00019595831751544288,0.003135333080247086,0.0034444046349836333,0.004614540559466085,0.07577690196963993,0.004614540559466085,184973.81514662592,0.00017439837589648221,8.372342795432513e-05,0.00021978488640819166,0.00018147312626832647,"54,59,60,61",0.8730157236272887,60,0.006103515625,6,11,61,0.02294921875,4,9,54,0.008544921875,7,12,59,0.175537109375,3,8,,,,,,,,,,,,
9,20009,Torino,55,4,14,65,85,22,0.7510889403616855,4,0.04779052734375,0.141357421875,0.191162109375,2.154052734375,1.1982421875,0.989501953125,1.090576171875,0.7060033151837637,0.0002552339160365572,0.004083742656584915,0.003297925817322739,0.004056972433510109,0.07255436798110027,0.004056972433510109,336631.56539484765,0.00015063554438817843,7.902044716704936e-05,0.00015299852368683896,7.933698395417266e-05,"35,42,43,44",0.9592621270778242,44,0.016845703125,6,11,43,0.0087890625,4,9,42,0.141357421875,7,12,35,0.024169921875,3,8,,,,,,,,,,,,
9,20009,Torino,66,4,14,56,91,22,0.0,4,0.17059326171875,0.565185546875,0.682373046875,7.9033203125,4.491455078125,3.956298828125,4.257080078125,0.7449510441043794,0.004547862187655468,0.07276579500248749,0.27535244004429776,1.0,6.0577536809745505,1.0,323392.68928246817,0.00015504301674346523,4.066103046172051e-06,0.00016295877009604557,8.054822424583139e-05,"66,67,74,86",0.8514616383084853,67,0.0361328125,6,11,74,0.0751953125,4,9,86,0.565185546875,7,12,66,0.005859375,3,8,,,,,,,,,,,,
9,20009,Fez,11,4,14,54,73,16,0.9072646572695678,4,0.01007080078125,0.02001953125,0.040283203125,0.40673828125,0.205322265625,0.1201171875,0.15087890625,0.10339270357991946,0.00030432106529664665,0.004869137044746346,0.0029410449768410216,0.004222004100488397,0.047056719629456345,0.004222004100488397,994124.8739344823,0.000177366306646827,0.00013679890666469776,0.00013591053142681249,1.1018438267643966e-05,"37,44,45,46",0.990512902003022,45,0.02001953125,6,11,46,0.0068359375,4,9,44,0.00439453125,7,12,37,0.009033203125,3,8,,,,,,,,,,,,
9,20009,Fez,22,4,14,65,85,22,0.8868765376044708,4,0.01190185546875,0.02001953125,0.047607421875,0.449951171875,0.2119140625,0.06005859375,0.11474609375,-0.8603471320644519,0.00018090086280512415,0.0028944138048819863,0.0028955985025124423,0.003581549090163838,0.06370316705527374,0.003581549090163838,302760.8431108515,0.00015141170061514473,6.956261627908302e-05,0.00014767283363290365,9.36748750544994e-05,"24,25,37,45",0.9890323672282234,37,0.009033203125,6,11,25,0.0107421875,4,9,24,0.0078125,7,12,45,0.02001953125,3,8,,,,,,,,,,,,
9,20009,Fez,33,4,14,59,74,19,0.9112937821924861,4,0.0084228515625,0.012939453125,0.03369140625,0.318603515625,0.150146484375,0.0546875,0.0966796875,-0.7422468998473534,0.0003077470259499372,0.0049239524151989955,0.002716087196046172,0.003729788749903873,0.05160565672487727,0.003729788749903873,408724.7382447175,0.0001299118248057599,6.956261627908302e-05,0.0001013246621988302,7.424231364710219e-05,"16,22,23,24",0.9847557838409694,23,0.00244140625,6,11,22,0.010498046875,4,9,24,0.0078125,7,12,16,0.012939453125,3,8,,,,,,,,,,,,
9,20009,Fez,44,4,14,54,73,16,0.9163514559872374,4,0.0069580078125,0.0126953125,0.02783203125,0.27978515625,0.140625,0.076171875,0.105224609375,0.05803131311758803,0.00022070866691896847,0.0035313386707034955,0.0032242455642969015,0.003426458992757342,0.05158792902875042,0.003426458992757342,871519.4586364295,0.00013938993591561033,0.00011331977877974499,6.557804997641485e-05,2.2436854432723044e-05,"77,84,85,86",0.9883954774728618,85,0.0126953125,6,11,84,0.00244140625,4,9,86,0.004150390625,7,12,77,0.008544921875,3,8,,,,,,,,,,,,
9,20009,Fez,55,4,14,54,73,16,0.910404005701244,4,0.01007080078125,0.02001953125,0.040283203125,0.42529296875,0.223876953125,0.1201171875,0.183349609375,0.594508045584537,0.0003043210652966466,0.0048691370447463455,0.002835046587804764,0.004222004100488397,0.045360745404876224,0.004222004100488397,990219.7272572455,0.000177366306646827,0.00013679890666469776,0.00013591053142681246,1.1018438267643966e-05,"37,44,45,46",0.9902348408242893,45,0.02001953125,6,11,46,0.0068359375,4,9,37,0.009033203125,7,12,44,0.00439453125,3,8,,,,,,,,,,,,
9,20009,Fez,66,4,14,56,91,22,0.0,4,0.0333251953125,0.076904296875,0.13330078125,1.212890625,0.54638671875,0.230712890625,0.3896484375,-0.7415578158681894,0.00029684170809720614,0.004749467329555298,0.366807627714563,1.0,8.069767809720387,1.0,635495.0513434644,0.00011453272764214754,8.554491547909988e-05,6.718855277442735e-05,4.6580465044079096e-05,"67,68,69,78",0.52768949022084,68,0.010986328125,6,11,69,0.022705078125,4,9,78,0.022705078125,7,12,67,0.076904296875,3,8,,,,,,,,,,,,
